,Open,High,Low,Close,Adj Close,Volume
2018-01-01,7.41,7.47,7.35,7.41,7.41,4864199
2018-01-02,7.46,7.52,7.4,7.46,7.46,6474329
2018-01-03,7.45,7.51,7.39,7.45,7.45,6515079
2018-01-04,7.51,7.57,7.45,7.51,7.51,4917809
2018-01-05,7.39,7.45,7.33,7.39,7.39,6859141
2018-01-08,7.34,7.4,7.28,7.34,7.34,4806348
2018-01-09,7.37,7.43,7.32,7.37,7.37,7099501
2018-01-10,7.53,7.6,7.47,7.53,7.53,3902460
2018-01-11,7.82,7.88,7.76,7.82,7.82,3620677
2018-01-12,7.89,7.95,7.83,7.89,7.89,4852826
2018-01-15,8.0,8.06,7.94,8.0,8.0,4033003
2018-01-16,8.06,8.12,7.99,8.06,8.06,7800865
2018-01-17,8.1,8.17,8.04,8.1,8.1,3438137
2018-01-18,8.19,8.26,8.13,8.19,8.19,4738516
2018-01-19,8.42,8.49,8.35,8.42,8.42,4886112
2018-01-22,8.46,8.52,8.39,8.46,8.46,9391739
2018-01-23,8.29,8.36,8.22,8.29,8.29,9603301
2018-01-24,8.42,8.48,8.35,8.42,8.42,9806769
2018-01-25,8.55,8.61,8.48,8.55,8.55,5330201
2018-01-26,8.36,8.42,8.29,8.36,8.36,6531658
2018-01-29,8.44,8.51,8.38,8.44,8.44,6069151
2018-01-30,8.32,8.38,8.25,8.32,8.32,5035247
2018-01-31,8.24,8.31,8.17,8.24,8.24,3451210
2018-02-01,8.38,8.45,8.32,8.38,8.38,8843246
2018-02-02,8.34,8.4,8.27,8.34,8.34,2425506
2018-02-05,8.21,8.28,8.15,8.21,8.21,3465622
2018-02-06,8.2,8.26,8.13,8.2,8.2,3881790
2018-02-07,8.17,8.23,8.1,8.17,8.17,7858414
2018-02-08,7.96,8.03,7.9,7.96,7.96,6451588
2018-02-09,8.03,8.1,7.97,8.03,8.03,7762630
2018-02-12,8.05,8.11,7.98,8.05,8.05,4887613
2018-02-13,8.26,8.32,8.19,8.26,8.26,2804428
2018-02-14,8.07,8.13,8.0,8.07,8.07,11530535
2018-02-15,8.02,8.08,7.96,8.02,8.02,5174836
2018-02-16,7.89,7.95,7.83,7.89,7.89,5866809
2018-02-19,7.82,7.88,7.76,7.82,7.82,4716998
2018-02-20,7.88,7.94,7.82,7.88,7.88,7394834
2018-02-21,8.12,8.18,8.05,8.12,8.12,6359799
2018-02-22,8.43,8.5,8.36,8.43,8.43,5750163
2018-02-23,8.49,8.56,8.42,8.49,8.49,4239015
2018-02-26,8.31,8.37,8.24,8.31,8.31,5438743
2018-02-27,8.13,8.19,8.06,8.13,8.13,2949328
2018-02-28,8.08,8.14,8.01,8.08,8.08,7428081
2018-03-01,8.04,8.11,7.98,8.04,8.04,6109904
2018-03-02,7.94,8.01,7.88,7.94,7.94,4031246
2018-03-05,7.77,7.84,7.71,7.77,7.77,5903344
2018-03-06,7.71,7.77,7.65,7.71,7.71,4389354
2018-03-07,7.66,7.73,7.6,7.66,7.66,5942181
2018-03-08,7.4,7.46,7.34,7.4,7.4,6002133
2018-03-09,7.44,7.5,7.38,7.44,7.44,3086226
2018-03-12,7.56,7.62,7.5,7.56,7.56,2787033
2018-03-13,7.37,7.43,7.32,7.37,7.37,4100762
2018-03-14,7.48,7.54,7.42,7.48,7.48,9504219
2018-03-15,7.4,7.46,7.34,7.4,7.4,9579889
2018-03-16,7.37,7.43,7.31,7.37,7.37,7652519
2018-03-19,7.37,7.43,7.31,7.37,7.37,4531842
2018-03-20,7.28,7.34,7.22,7.28,7.28,15163111
2018-03-21,7.21,7.27,7.15,7.21,7.21,5357693
2018-03-22,7.34,7.4,7.28,7.34,7.34,8794300
2018-03-23,7.3,7.36,7.24,7.3,7.3,4452002
2018-03-26,7.25,7.31,7.19,7.25,7.25,7756796
2018-03-27,7.29,7.34,7.23,7.29,7.29,3153147
2018-03-28,7.07,7.13,7.01,7.07,7.07,8369491
2018-03-29,6.97,7.02,6.91,6.97,6.97,4497612
2018-03-30,7.03,7.08,6.97,7.03,7.03,6583275
2018-04-02,6.97,7.02,6.91,6.97,6.97,7699327
2018-04-03,7.03,7.09,6.97,7.03,7.03,2807843
2018-04-04,6.93,6.99,6.88,6.93,6.93,4732276
2018-04-05,6.99,7.05,6.93,6.99,6.99,2842302
2018-04-06,7.01,7.06,6.95,7.01,7.01,4695874
2018-04-09,7.14,7.2,7.09,7.14,7.14,3977561
2018-04-10,7.17,7.23,7.12,7.17,7.17,11861556
2018-04-11,7.01,7.07,6.95,7.01,7.01,5867494
2018-04-12,6.8,6.85,6.74,6.8,6.8,4449827
2018-04-13,6.69,6.75,6.64,6.69,6.69,1262314
2018-04-16,6.8,6.86,6.75,6.8,6.8,5016859
2018-04-17,6.95,7.0,6.89,6.95,6.95,7111450
2018-04-18,6.89,6.95,6.84,6.89,6.89,4279448
2018-04-19,7.02,7.07,6.96,7.02,7.02,4575222
2018-04-20,6.91,6.97,6.86,6.91,6.91,4335442
2018-04-23,7.06,7.12,7.01,7.06,7.06,7842775
2018-04-24,7.23,7.29,7.17,7.23,7.23,4988506
2018-04-25,7.17,7.23,7.11,7.17,7.17,5502167
2018-04-26,7.12,7.18,7.07,7.12,7.12,4748522
2018-04-27,7.35,7.41,7.29,7.35,7.35,7712799
2018-04-30,7.42,7.48,7.36,7.42,7.42,6776634
2018-05-01,7.52,7.58,7.46,7.52,7.52,7419433
2018-05-02,7.61,7.67,7.55,7.61,7.61,4844757
2018-05-03,7.55,7.61,7.49,7.55,7.55,7011718
2018-05-04,7.68,7.74,7.62,7.68,7.68,7246048
2018-05-07,7.63,7.69,7.57,7.63,7.63,4871086
2018-05-08,7.78,7.84,7.71,7.78,7.78,2137471
2018-05-09,7.8,7.87,7.74,7.8,7.8,9562983
2018-05-10,7.85,7.91,7.79,7.85,7.85,4174037
2018-05-11,7.86,7.92,7.8,7.86,7.86,4352920
2018-05-14,8.04,8.1,7.97,8.04,8.04,3239181
2018-05-15,7.92,7.98,7.85,7.92,7.92,2914305
2018-05-16,8.05,8.11,7.98,8.05,8.05,2691182
2018-05-17,8.24,8.31,8.18,8.24,8.24,3314122
2018-05-18,8.39,8.46,8.33,8.39,8.39,9060529
2018-05-21,8.42,8.48,8.35,8.42,8.42,9401845
2018-05-22,8.31,8.38,8.24,8.31,8.31,2650482
2018-05-23,8.37,8.43,8.3,8.37,8.37,8582123
2018-05-24,8.3,8.37,8.23,8.3,8.3,3977010
2018-05-25,8.24,8.3,8.17,8.24,8.24,7156134
2018-05-28,8.14,8.21,8.08,8.14,8.14,3936580
2018-05-29,7.97,8.03,7.9,7.97,7.97,7697374
2018-05-30,7.83,7.9,7.77,7.83,7.83,2039843
2018-05-31,7.89,7.95,7.83,7.89,7.89,5660378
2018-06-01,7.83,7.89,7.77,7.83,7.83,12556531
2018-06-04,7.9,7.96,7.84,7.9,7.9,3667226
2018-06-05,7.77,7.83,7.7,7.77,7.77,4692869
2018-06-06,7.57,7.64,7.51,7.57,7.57,7967245
2018-06-07,7.57,7.63,7.51,7.57,7.57,6952959
2018-06-08,7.72,7.78,7.66,7.72,7.72,6389248
2018-06-11,7.82,7.88,7.75,7.82,7.82,7418126
2018-06-12,7.78,7.84,7.72,7.78,7.78,4540850
2018-06-13,7.92,7.98,7.85,7.92,7.92,5844790
2018-06-14,7.86,7.92,7.8,7.86,7.86,3380863
2018-06-15,7.95,8.01,7.89,7.95,7.95,5829878
2018-06-18,8.08,8.14,8.01,8.08,8.08,4520239
2018-06-19,7.95,8.01,7.89,7.95,7.95,4968655
2018-06-20,8.05,8.11,7.99,8.05,8.05,9413405
2018-06-21,8.19,8.26,8.12,8.19,8.19,5314324
2018-06-22,8.26,8.32,8.19,8.26,8.26,9499789
2018-06-25,8.47,8.54,8.41,8.47,8.47,4629506
2018-06-26,8.46,8.52,8.39,8.46,8.46,3479136
2018-06-27,8.43,8.5,8.37,8.43,8.43,3736243
2018-06-28,8.52,8.59,8.45,8.52,8.52,3449452
2018-06-29,8.51,8.58,8.44,8.51,8.51,3834626
2018-07-02,8.54,8.61,8.47,8.54,8.54,3012649
2018-07-03,8.62,8.69,8.55,8.62,8.62,7062473
2018-07-04,8.62,8.69,8.55,8.62,8.62,3268467
2018-07-05,8.6,8.67,8.53,8.6,8.6,6722573
2018-07-06,8.48,8.55,8.42,8.48,8.48,9071182
2018-07-09,8.33,8.4,8.27,8.33,8.33,3669958
2018-07-10,8.5,8.57,8.44,8.5,8.5,4510434
2018-07-11,8.63,8.7,8.56,8.63,8.63,5162795
2018-07-12,8.65,8.72,8.58,8.65,8.65,12337662
2018-07-13,8.76,8.83,8.69,8.76,8.76,11423490
2018-07-16,8.75,8.82,8.68,8.75,8.75,5090572
2018-07-17,8.71,8.78,8.64,8.71,8.71,7693945
2018-07-18,8.74,8.81,8.67,8.74,8.74,3106124
2018-07-19,8.43,8.49,8.36,8.43,8.43,4892939
2018-07-20,8.47,8.54,8.4,8.47,8.47,8455222
2018-07-23,8.64,8.7,8.57,8.64,8.64,3780588
2018-07-24,8.53,8.6,8.46,8.53,8.53,11371802
2018-07-25,8.49,8.55,8.42,8.49,8.49,7376693
2018-07-26,8.22,8.28,8.15,8.22,8.22,6652085
2018-07-27,8.02,8.08,7.96,8.02,8.02,6687510
2018-07-30,8.13,8.2,8.07,8.13,8.13,4476602
2018-07-31,8.17,8.24,8.11,8.17,8.17,7149788
2018-08-01,8.26,8.33,8.2,8.26,8.26,3766126
2018-08-02,8.43,8.5,8.36,8.43,8.43,6301499
2018-08-03,8.34,8.41,8.28,8.34,8.34,3814876
2018-08-06,8.0,8.06,7.93,8.0,8.0,7934719
2018-08-07,8.2,8.27,8.14,8.2,8.2,6379471
2018-08-08,8.09,8.16,8.03,8.09,8.09,4352677
2018-08-09,8.22,8.28,8.15,8.22,8.22,3841660
2018-08-10,8.17,8.24,8.11,8.17,8.17,6829574
2018-08-13,8.09,8.16,8.03,8.09,8.09,9496362
2018-08-14,8.07,8.13,8.0,8.07,8.07,8342818
2018-08-15,8.38,8.45,8.32,8.38,8.38,7866810
2018-08-16,8.51,8.57,8.44,8.51,8.51,3065214
2018-08-17,8.49,8.56,8.42,8.49,8.49,3370309
2018-08-20,8.61,8.68,8.54,8.61,8.61,5857542
2018-08-21,8.48,8.54,8.41,8.48,8.48,6854102
2018-08-22,8.42,8.49,8.36,8.42,8.42,2479062
2018-08-23,8.44,8.5,8.37,8.44,8.44,7055899
2018-08-24,8.37,8.44,8.3,8.37,8.37,5232337
2018-08-27,8.39,8.46,8.32,8.39,8.39,11381142
2018-08-28,8.35,8.41,8.28,8.35,8.35,5022395
2018-08-29,8.17,8.24,8.11,8.17,8.17,4480315
2018-08-30,8.22,8.29,8.15,8.22,8.22,7800457
2018-08-31,8.18,8.25,8.12,8.18,8.18,8839186
2018-09-03,8.03,8.1,7.97,8.03,8.03,3824950
2018-09-04,7.98,8.04,7.92,7.98,7.98,5577680
2018-09-05,7.85,7.91,7.79,7.85,7.85,6348815
2018-09-06,7.6,7.66,7.54,7.6,7.6,10539372
2018-09-07,7.72,7.79,7.66,7.72,7.72,6087842
2018-09-10,7.73,7.79,7.67,7.73,7.73,5965098
2018-09-11,7.74,7.8,7.68,7.74,7.74,6138822
2018-09-12,7.9,7.97,7.84,7.9,7.9,4239449
2018-09-13,7.79,7.85,7.73,7.79,7.79,5150138
2018-09-14,7.82,7.89,7.76,7.82,7.82,10088839
2018-09-17,7.73,7.79,7.67,7.73,7.73,4198305
2018-09-18,7.75,7.81,7.68,7.75,7.75,5663796
2018-09-19,7.69,7.75,7.63,7.69,7.69,5113987
2018-09-20,7.64,7.7,7.58,7.64,7.64,6077175
2018-09-21,7.75,7.81,7.69,7.75,7.75,6490030
2018-09-24,7.75,7.81,7.69,7.75,7.75,3481395
2018-09-25,7.62,7.68,7.56,7.62,7.62,5862616
2018-09-26,7.67,7.73,7.6,7.67,7.67,5686429
2018-09-27,7.65,7.71,7.59,7.65,7.65,4110307
2018-09-28,7.75,7.81,7.69,7.75,7.75,4692268
2018-10-01,7.77,7.83,7.71,7.77,7.77,7534601
2018-10-02,7.81,7.87,7.74,7.81,7.81,3793515
2018-10-03,7.76,7.82,7.7,7.76,7.76,6044166
2018-10-04,7.75,7.82,7.69,7.75,7.75,12450552
2018-10-05,7.88,7.94,7.82,7.88,7.88,8837979
2018-10-08,8.05,8.12,7.99,8.05,8.05,7679884
2018-10-09,8.08,8.15,8.02,8.08,8.08,9049040
2018-10-10,8.16,8.22,8.09,8.16,8.16,2036765
2018-10-11,8.17,8.24,8.11,8.17,8.17,5987690
2018-10-12,8.17,8.23,8.1,8.17,8.17,7065163
2018-10-15,8.18,8.25,8.12,8.18,8.18,12185446
2018-10-16,8.18,8.25,8.12,8.18,8.18,5240911
2018-10-17,8.25,8.31,8.18,8.25,8.25,2843605
2018-10-18,8.34,8.4,8.27,8.34,8.34,8279572
2018-10-19,8.4,8.47,8.33,8.4,8.4,11758549
2018-10-22,8.35,8.42,8.28,8.35,8.35,6855187
2018-10-23,8.28,8.35,8.21,8.28,8.28,4642499
2018-10-24,8.49,8.56,8.42,8.49,8.49,3354194
2018-10-25,8.34,8.41,8.27,8.34,8.34,5342779
2018-10-26,8.21,8.28,8.14,8.21,8.21,3479024
2018-10-29,8.44,8.51,8.37,8.44,8.44,6425166
2018-10-30,8.21,8.28,8.15,8.21,8.21,3402670
2018-10-31,8.29,8.35,8.22,8.29,8.29,4126339
2018-11-01,8.13,8.19,8.06,8.13,8.13,4008759
2018-11-02,8.16,8.23,8.09,8.16,8.16,9879150
2018-11-05,8.17,8.24,8.1,8.17,8.17,4015547
2018-11-06,8.03,8.09,7.96,8.03,8.03,4164169
2018-11-07,8.16,8.22,8.09,8.16,8.16,7625027
2018-11-08,8.21,8.28,8.15,8.21,8.21,5293866
2018-11-09,8.08,8.15,8.02,8.08,8.08,5107022
2018-11-12,8.08,8.15,8.02,8.08,8.08,2810051
2018-11-13,8.14,8.21,8.08,8.14,8.14,2221202
2018-11-14,7.99,8.05,7.92,7.99,7.99,4351883
2018-11-15,8.07,8.13,8.0,8.07,8.07,8272912
2018-11-16,8.12,8.18,8.05,8.12,8.12,3273251
2018-11-19,7.97,8.04,7.91,7.97,7.97,4200223
2018-11-20,7.94,8.0,7.87,7.94,7.94,7696920
2018-11-21,8.21,8.27,8.14,8.21,8.21,5274714
2018-11-22,8.05,8.12,7.99,8.05,8.05,6508058
2018-11-23,8.04,8.1,7.97,8.04,8.04,2984917
2018-11-26,7.99,8.05,7.93,7.99,7.99,5601242
2018-11-27,7.76,7.82,7.7,7.76,7.76,3417170
2018-11-28,7.72,7.78,7.65,7.72,7.72,6193476
2018-11-29,7.73,7.79,7.67,7.73,7.73,6729554
2018-11-30,7.88,7.94,7.81,7.88,7.88,5015662
2018-12-03,7.98,8.04,7.91,7.98,7.98,4430742
2018-12-04,7.92,7.99,7.86,7.92,7.92,4192880
2018-12-05,7.93,7.99,7.87,7.93,7.93,5768937
2018-12-06,7.9,7.97,7.84,7.9,7.9,6150540
2018-12-07,7.74,7.8,7.68,7.74,7.74,4995412
2018-12-10,7.99,8.05,7.92,7.99,7.99,7946181
2018-12-11,7.99,8.05,7.93,7.99,7.99,6357634
2018-12-12,8.07,8.13,8.0,8.07,8.07,3762208
2018-12-13,8.2,8.27,8.13,8.2,8.2,3711602
2018-12-14,8.11,8.18,8.05,8.11,8.11,3862837
2018-12-17,8.27,8.33,8.2,8.27,8.27,6288345
2018-12-18,8.28,8.34,8.21,8.28,8.28,3334950
2018-12-19,8.16,8.23,8.1,8.16,8.16,3158362
2018-12-20,8.27,8.34,8.21,8.27,8.27,4210322
2018-12-21,8.17,8.23,8.1,8.17,8.17,3955233
2018-12-24,8.22,8.29,8.16,8.22,8.22,3081454
2018-12-25,8.29,8.35,8.22,8.29,8.29,8288223
2018-12-26,8.32,8.39,8.26,8.32,8.32,5990711
2018-12-27,8.23,8.29,8.16,8.23,8.23,4178187
2018-12-28,8.44,8.51,8.37,8.44,8.44,6872806
2018-12-31,8.73,8.8,8.66,8.73,8.73,2797291
2019-01-01,8.88,8.96,8.81,8.88,8.88,4704027
2019-01-02,8.96,9.03,8.89,8.96,8.96,5271794
2019-01-03,8.85,8.92,8.78,8.85,8.85,6777109
2019-01-04,8.89,8.96,8.82,8.89,8.89,4500891
2019-01-07,8.83,8.9,8.76,8.83,8.83,2558215
2019-01-08,8.85,8.92,8.78,8.85,8.85,11475805
2019-01-09,8.83,8.9,8.76,8.83,8.83,3291730
2019-01-10,8.87,8.94,8.8,8.87,8.87,4267726
2019-01-11,8.92,8.99,8.85,8.92,8.92,5371966
2019-01-14,8.81,8.88,8.74,8.81,8.81,4425815
2019-01-15,8.79,8.86,8.72,8.79,8.79,18722699
2019-01-16,8.73,8.8,8.66,8.73,8.73,2337783
2019-01-17,8.91,8.98,8.84,8.91,8.91,6558134
2019-01-18,8.83,8.9,8.76,8.83,8.83,6057387
2019-01-21,8.85,8.92,8.78,8.85,8.85,7102876
2019-01-22,8.91,8.98,8.84,8.91,8.91,2699026
2019-01-23,8.91,8.98,8.84,8.91,8.91,5961507
2019-01-24,9.14,9.21,9.07,9.14,9.14,4148103
2019-01-25,8.96,9.03,8.89,8.96,8.96,8363578
2019-01-28,9.05,9.13,8.98,9.05,9.05,7537988
2019-01-29,9.01,9.08,8.93,9.01,9.01,6736555
2019-01-30,9.28,9.35,9.2,9.28,9.28,4449930
2019-01-31,9.1,9.17,9.03,9.1,9.1,7937397
2019-02-01,9.27,9.34,9.19,9.27,9.27,4889735
2019-02-04,9.12,9.2,9.05,9.12,9.12,10642561
2019-02-05,9.1,9.17,9.03,9.1,9.1,7746668
2019-02-06,9.07,9.14,9.0,9.07,9.07,3615846
2019-02-07,9.02,9.09,8.95,9.02,9.02,6671241
2019-02-08,8.9,8.97,8.83,8.9,8.9,15061800
2019-02-11,8.83,8.9,8.76,8.83,8.83,3152370
2019-02-12,8.74,8.81,8.67,8.74,8.74,9943643
2019-02-13,8.81,8.88,8.74,8.81,8.81,7133665
2019-02-14,8.75,8.82,8.68,8.75,8.75,12885026
2019-02-15,9.01,9.08,8.93,9.01,9.01,2865658
2019-02-18,9.09,9.16,9.02,9.09,9.09,5583593
2019-02-19,8.92,8.99,8.84,8.92,8.92,15873959
2019-02-20,8.82,8.89,8.75,8.82,8.82,4249083
2019-02-21,8.91,8.99,8.84,8.91,8.91,12810162
2019-02-22,8.78,8.85,8.71,8.78,8.78,5490357
2019-02-25,8.7,8.77,8.63,8.7,8.7,5692877
2019-02-26,8.68,8.75,8.61,8.68,8.68,4989777
2019-02-27,9.04,9.11,8.97,9.04,9.04,12515868
2019-02-28,8.99,9.06,8.91,8.99,8.99,6890704
2019-03-01,8.77,8.84,8.7,8.77,8.77,5695195
2019-03-04,8.57,8.64,8.5,8.57,8.57,4000482
2019-03-05,8.57,8.64,8.5,8.57,8.57,5660763
2019-03-06,8.46,8.53,8.39,8.46,8.46,8147711
2019-03-07,8.54,8.61,8.47,8.54,8.54,9682818
2019-03-08,8.82,8.89,8.75,8.82,8.82,8122911
2019-03-11,8.74,8.81,8.67,8.74,8.74,11443283
2019-03-12,9.01,9.08,8.94,9.01,9.01,7857995
2019-03-13,8.82,8.89,8.75,8.82,8.82,3282982
2019-03-14,8.85,8.92,8.78,8.85,8.85,4570361
2019-03-15,8.78,8.85,8.71,8.78,8.78,5174315
2019-03-18,8.47,8.54,8.41,8.47,8.47,13671392
2019-03-19,8.5,8.57,8.43,8.5,8.5,9072387
2019-03-20,8.39,8.46,8.32,8.39,8.39,9336603
2019-03-21,8.41,8.47,8.34,8.41,8.41,3631241
2019-03-22,8.5,8.57,8.43,8.5,8.5,6999851
2019-03-25,8.42,8.48,8.35,8.42,8.42,4541432
2019-03-26,8.55,8.62,8.48,8.55,8.55,5899994
2019-03-27,8.69,8.75,8.62,8.69,8.69,4364509
2019-03-28,8.7,8.77,8.63,8.7,8.7,3563502
2019-03-29,8.56,8.63,8.49,8.56,8.56,2375977
2019-04-01,8.6,8.67,8.53,8.6,8.6,11123246
2019-04-02,8.91,8.98,8.84,8.91,8.91,4407966
2019-04-03,8.87,8.94,8.8,8.87,8.87,6539093
2019-04-04,8.92,8.99,8.84,8.92,8.92,8909902
2019-04-05,8.9,8.97,8.83,8.9,8.9,3447959
2019-04-08,8.87,8.95,8.8,8.87,8.87,7383806
2019-04-09,9.12,9.19,9.04,9.12,9.12,5009011
2019-04-10,9.19,9.27,9.12,9.19,9.19,4770935
2019-04-11,9.1,9.17,9.03,9.1,9.1,4556185
2019-04-12,9.02,9.1,8.95,9.02,9.02,8097146
2019-04-15,9.09,9.16,9.01,9.09,9.09,10454140
2019-04-16,8.95,9.02,8.88,8.95,8.95,9345922
2019-04-17,8.87,8.94,8.8,8.87,8.87,4597553
2019-04-18,8.75,8.82,8.68,8.75,8.75,1856602
2019-04-19,8.71,8.78,8.64,8.71,8.71,7080933
2019-04-22,8.74,8.81,8.67,8.74,8.74,7572876
2019-04-23,8.72,8.79,8.66,8.72,8.72,4840510
2019-04-24,8.68,8.75,8.61,8.68,8.68,3362348
2019-04-25,8.79,8.86,8.72,8.79,8.79,2461930
2019-04-26,8.48,8.55,8.41,8.48,8.48,7364518
2019-04-29,8.63,8.7,8.56,8.63,8.63,3492876
2019-04-30,8.53,8.6,8.47,8.53,8.53,6863773
2019-05-01,8.37,8.44,8.3,8.37,8.37,4375826
2019-05-02,8.27,8.33,8.2,8.27,8.27,6942284
2019-05-03,8.17,8.24,8.11,8.17,8.17,5955067
2019-05-06,8.35,8.41,8.28,8.35,8.35,7209618
2019-05-07,8.38,8.44,8.31,8.38,8.38,6239451
2019-05-08,8.24,8.31,8.18,8.24,8.24,5694151
2019-05-09,8.21,8.28,8.15,8.21,8.21,8889349
2019-05-10,8.15,8.21,8.08,8.15,8.15,4073248
2019-05-13,8.08,8.15,8.02,8.08,8.08,2617089
2019-05-14,8.13,8.2,8.07,8.13,8.13,5266723
2019-05-15,8.05,8.11,7.99,8.05,8.05,4888164
2019-05-16,8.05,8.12,7.99,8.05,8.05,4358958
2019-05-17,8.03,8.09,7.97,8.03,8.03,2434231
2019-05-20,7.92,7.98,7.85,7.92,7.92,4034601
2019-05-21,7.8,7.87,7.74,7.8,7.8,4177066
2019-05-22,7.81,7.88,7.75,7.81,7.81,4726111
2019-05-23,7.68,7.74,7.62,7.68,7.68,7762878
2019-05-24,7.56,7.62,7.5,7.56,7.56,4793927
2019-05-27,7.57,7.63,7.51,7.57,7.57,5743399
2019-05-28,7.61,7.67,7.55,7.61,7.61,6687119
2019-05-29,7.49,7.55,7.43,7.49,7.49,3941333
2019-05-30,7.61,7.67,7.55,7.61,7.61,7923753
2019-05-31,7.4,7.46,7.34,7.4,7.4,5692834
2019-06-03,7.35,7.41,7.29,7.35,7.35,3392081
2019-06-04,7.49,7.55,7.43,7.49,7.49,3952097
2019-06-05,7.54,7.61,7.48,7.54,7.54,5149744
2019-06-06,7.45,7.51,7.39,7.45,7.45,8632554
2019-06-07,7.56,7.62,7.5,7.56,7.56,4698889
2019-06-10,7.44,7.5,7.38,7.44,7.44,4452702
2019-06-11,7.61,7.67,7.55,7.61,7.61,12072797
2019-06-12,7.49,7.55,7.43,7.49,7.49,5867055
2019-06-13,7.46,7.52,7.4,7.46,7.46,3384212
2019-06-14,7.54,7.6,7.48,7.54,7.54,5459560
2019-06-17,7.34,7.39,7.28,7.34,7.34,7371101
2019-06-18,7.33,7.39,7.28,7.33,7.33,4078722
2019-06-19,7.24,7.3,7.18,7.24,7.24,5901158
2019-06-20,7.47,7.53,7.41,7.47,7.47,3759753
2019-06-21,7.62,7.69,7.56,7.62,7.62,6132859
2019-06-24,7.68,7.75,7.62,7.68,7.68,5964617
2019-06-25,7.5,7.56,7.44,7.5,7.5,3439633
2019-06-26,7.6,7.66,7.54,7.6,7.6,9816469
2019-06-27,7.66,7.72,7.6,7.66,7.66,3680073
2019-06-28,7.63,7.69,7.57,7.63,7.63,4016106
2019-07-01,7.53,7.59,7.47,7.53,7.53,3683968
2019-07-02,7.42,7.48,7.37,7.42,7.42,4377994
2019-07-03,7.34,7.4,7.28,7.34,7.34,6101957
2019-07-04,7.33,7.39,7.27,7.33,7.33,5112701
2019-07-05,7.37,7.43,7.31,7.37,7.37,5579750
2019-07-08,7.52,7.58,7.46,7.52,7.52,4619014
2019-07-09,7.6,7.66,7.54,7.6,7.6,6391228
2019-07-10,7.57,7.63,7.51,7.57,7.57,3205647
2019-07-11,7.46,7.52,7.4,7.46,7.46,2347925
2019-07-12,7.49,7.55,7.43,7.49,7.49,5934494
2019-07-15,7.53,7.59,7.47,7.53,7.53,6643144
2019-07-16,7.43,7.49,7.37,7.43,7.43,9839277
2019-07-17,7.45,7.51,7.39,7.45,7.45,5220178
2019-07-18,7.26,7.31,7.2,7.26,7.26,7915422
2019-07-19,7.22,7.28,7.17,7.22,7.22,10010672
2019-07-22,7.22,7.28,7.16,7.22,7.22,4150487
2019-07-23,7.33,7.39,7.27,7.33,7.33,6522585
2019-07-24,7.35,7.41,7.29,7.35,7.35,5022651
2019-07-25,7.34,7.39,7.28,7.34,7.34,7792808
2019-07-26,7.4,7.46,7.34,7.4,7.4,7558194
2019-07-29,7.42,7.48,7.36,7.42,7.42,4124489
2019-07-30,7.53,7.59,7.47,7.53,7.53,3689195
2019-07-31,7.45,7.51,7.39,7.45,7.45,3858036
2019-08-01,7.46,7.52,7.4,7.46,7.46,7165204
2019-08-02,7.29,7.35,7.23,7.29,7.29,4194535
2019-08-05,7.48,7.54,7.42,7.48,7.48,7075373
2019-08-06,7.39,7.45,7.34,7.39,7.39,8401895
2019-08-07,7.21,7.27,7.15,7.21,7.21,4794666
2019-08-08,7.12,7.18,7.06,7.12,7.12,4432981
2019-08-09,7.27,7.33,7.21,7.27,7.27,7340410
2019-08-12,7.19,7.24,7.13,7.19,7.19,6581638
2019-08-13,7.29,7.35,7.24,7.29,7.29,5267416
2019-08-14,7.16,7.22,7.1,7.16,7.16,4211608
2019-08-15,7.23,7.29,7.17,7.23,7.23,3444463
2019-08-16,7.35,7.41,7.29,7.35,7.35,5368416
2019-08-19,7.16,7.22,7.11,7.16,7.16,5508533
2019-08-20,7.2,7.25,7.14,7.2,7.2,6876837
2019-08-21,7.1,7.16,7.05,7.1,7.1,5299653
2019-08-22,7.39,7.45,7.33,7.39,7.39,4216228
2019-08-23,7.47,7.53,7.41,7.47,7.47,7631969
2019-08-26,7.26,7.32,7.2,7.26,7.26,1624205
2019-08-27,7.37,7.43,7.31,7.37,7.37,2507453
2019-08-28,7.13,7.19,7.08,7.13,7.13,7610880
2019-08-29,7.12,7.17,7.06,7.12,7.12,7105419
2019-08-30,7.25,7.31,7.2,7.25,7.25,6809661
2019-09-02,7.14,7.2,7.09,7.14,7.14,3602679
2019-09-03,6.95,7.01,6.9,6.95,6.95,7706070
2019-09-04,6.86,6.91,6.8,6.86,6.86,5002858
2019-09-05,6.7,6.75,6.64,6.7,6.7,4043278
2019-09-06,6.58,6.63,6.53,6.58,6.58,5448147
2019-09-09,6.7,6.75,6.64,6.7,6.7,7904357
2019-09-10,6.73,6.78,6.67,6.73,6.73,8565940
2019-09-11,6.66,6.71,6.6,6.66,6.66,7908612
2019-09-12,6.6,6.65,6.54,6.6,6.6,3761065
2019-09-13,6.61,6.66,6.56,6.61,6.61,5600195
2019-09-16,6.79,6.84,6.73,6.79,6.79,4604314
2019-09-17,6.88,6.93,6.82,6.88,6.88,4294485
2019-09-18,6.97,7.02,6.91,6.97,6.97,6153411
2019-09-19,6.94,7.0,6.89,6.94,6.94,3293240
2019-09-20,7.04,7.1,6.99,7.04,7.04,1446444
2019-09-23,7.2,7.26,7.14,7.2,7.2,3711707
2019-09-24,7.06,7.12,7.0,7.06,7.06,8184564
2019-09-25,6.97,7.03,6.91,6.97,6.97,3151178
2019-09-26,6.98,7.03,6.92,6.98,6.98,2693020
2019-09-27,6.82,6.87,6.76,6.82,6.82,2839978
2019-09-30,6.72,6.78,6.67,6.72,6.72,6592524
2019-10-01,6.79,6.84,6.73,6.79,6.79,7428979
2019-10-02,6.81,6.87,6.76,6.81,6.81,4977800
2019-10-03,6.82,6.88,6.77,6.82,6.82,5958906
2019-10-04,6.61,6.66,6.56,6.61,6.61,7719015
2019-10-07,6.67,6.72,6.61,6.67,6.67,6204877
2019-10-08,6.77,6.83,6.72,6.77,6.77,3984904
2019-10-09,6.82,6.88,6.77,6.82,6.82,6775976
2019-10-10,6.68,6.73,6.63,6.68,6.68,5238854
2019-10-11,6.5,6.55,6.45,6.5,6.5,8029655
2019-10-14,6.31,6.36,6.26,6.31,6.31,4813501
2019-10-15,6.25,6.3,6.2,6.25,6.25,7460752
2019-10-16,6.2,6.25,6.15,6.2,6.2,2162356
2019-10-17,6.1,6.15,6.06,6.1,6.1,6814605
2019-10-18,5.98,6.03,5.94,5.98,5.98,10174788
2019-10-21,5.89,5.94,5.85,5.89,5.89,10951084
2019-10-22,6.0,6.05,5.95,6.0,6.0,6247639
2019-10-23,6.2,6.25,6.15,6.2,6.2,8022368
2019-10-24,6.29,6.34,6.24,6.29,6.29,6584836
2019-10-25,6.26,6.31,6.21,6.26,6.26,4201898
2019-10-28,6.4,6.45,6.35,6.4,6.4,4911713
2019-10-29,6.42,6.47,6.37,6.42,6.42,4667187
2019-10-30,6.28,6.33,6.23,6.28,6.28,3968014
2019-10-31,6.34,6.39,6.29,6.34,6.34,2636745
2019-11-01,6.31,6.36,6.26,6.31,6.31,4408891
2019-11-04,6.27,6.32,6.22,6.27,6.27,4038073
2019-11-05,6.33,6.38,6.28,6.33,6.33,4816091
2019-11-06,6.43,6.48,6.38,6.43,6.43,6698999
2019-11-07,6.53,6.58,6.47,6.53,6.53,3681905
2019-11-08,6.58,6.63,6.53,6.58,6.58,4762067
2019-11-11,6.73,6.78,6.67,6.73,6.73,5057852
2019-11-12,6.63,6.68,6.57,6.63,6.63,2560026
2019-11-13,6.58,6.64,6.53,6.58,6.58,5460184
2019-11-14,6.6,6.65,6.54,6.6,6.6,6069612
2019-11-15,6.62,6.67,6.56,6.62,6.62,6240407
2019-11-18,6.65,6.7,6.59,6.65,6.65,3566479
2019-11-19,6.67,6.73,6.62,6.67,6.67,7051233
2019-11-20,6.71,6.77,6.66,6.71,6.71,4362429
2019-11-21,6.71,6.76,6.65,6.71,6.71,5063717
2019-11-22,6.65,6.7,6.6,6.65,6.65,10001461
2019-11-25,6.64,6.69,6.58,6.64,6.64,7072261
2019-11-26,6.59,6.64,6.54,6.59,6.59,4627479
2019-11-27,6.54,6.6,6.49,6.54,6.54,7191594
2019-11-28,6.47,6.52,6.42,6.47,6.47,2913441
2019-11-29,6.62,6.67,6.56,6.62,6.62,3828459
2019-12-02,6.68,6.74,6.63,6.68,6.68,5583045
2019-12-03,6.68,6.73,6.62,6.68,6.68,8329384
2019-12-04,6.69,6.75,6.64,6.69,6.69,3094640
2019-12-05,6.65,6.7,6.59,6.65,6.65,14535182
2019-12-06,6.7,6.76,6.65,6.7,6.7,4955663
2019-12-09,6.63,6.69,6.58,6.63,6.63,10467244
2019-12-10,6.71,6.76,6.66,6.71,6.71,5237859
2019-12-11,6.78,6.83,6.73,6.78,6.78,1709172
2019-12-12,6.62,6.67,6.57,6.62,6.62,5144208
2019-12-13,6.55,6.6,6.5,6.55,6.55,5928388
2019-12-16,6.54,6.6,6.49,6.54,6.54,4585621
2019-12-17,6.65,6.7,6.6,6.65,6.65,4035683
2019-12-18,6.65,6.7,6.59,6.65,6.65,6879364
2019-12-19,6.69,6.75,6.64,6.69,6.69,2844193
2019-12-20,6.66,6.72,6.61,6.66,6.66,4077807
2019-12-23,6.62,6.67,6.56,6.62,6.62,6629247
2019-12-24,6.61,6.67,6.56,6.61,6.61,7457174
2019-12-25,6.47,6.52,6.42,6.47,6.47,2692352
2019-12-26,6.65,6.7,6.6,6.65,6.65,3198752
2019-12-27,6.52,6.57,6.47,6.52,6.52,6086387
2019-12-30,6.71,6.76,6.66,6.71,6.71,6421900
2019-12-31,6.83,6.88,6.77,6.83,6.83,3205700
2020-01-01,6.69,6.74,6.64,6.69,6.69,7808330
2020-01-02,6.68,6.73,6.63,6.68,6.68,7249858
2020-01-03,6.82,6.87,6.77,6.82,6.82,3775363
2020-01-06,6.88,6.93,6.82,6.88,6.88,6383853
2020-01-07,6.98,7.03,6.92,6.98,6.98,8371622
2020-01-08,7.13,7.19,7.07,7.13,7.13,12896559
2020-01-09,7.19,7.24,7.13,7.19,7.19,4321121
2020-01-10,7.25,7.31,7.2,7.25,7.25,5560798
2020-01-13,7.34,7.4,7.28,7.34,7.34,8037206
2020-01-14,7.31,7.36,7.25,7.31,7.31,3421747
2020-01-15,7.28,7.33,7.22,7.28,7.28,7730281
2020-01-16,7.23,7.29,7.18,7.23,7.23,5831214
2020-01-17,7.06,7.12,7.01,7.06,7.06,3472581
2020-01-20,6.84,6.9,6.79,6.84,6.84,9144777
2020-01-21,6.73,6.78,6.68,6.73,6.73,5650417
2020-01-22,6.82,6.88,6.77,6.82,6.82,7130782
2020-01-23,6.99,7.05,6.94,6.99,6.99,10275363
2020-01-24,7.0,7.06,6.94,7.0,7.0,6923888
2020-01-27,6.85,6.91,6.8,6.85,6.85,8356975
2020-01-28,6.72,6.77,6.66,6.72,6.72,8600657
2020-01-29,6.8,6.86,6.75,6.8,6.8,5283232
2020-01-30,6.69,6.74,6.64,6.69,6.69,12411811
2020-01-31,6.54,6.59,6.49,6.54,6.54,5627169
2020-02-03,6.65,6.7,6.6,6.65,6.65,3723110
2020-02-04,6.62,6.67,6.57,6.62,6.62,9224270
2020-02-05,6.68,6.73,6.62,6.68,6.68,9860727
2020-02-06,6.68,6.73,6.63,6.68,6.68,3452790
2020-02-07,6.67,6.72,6.62,6.67,6.67,5274709
2020-02-10,6.68,6.73,6.62,6.68,6.68,7028890
2020-02-11,6.68,6.73,6.62,6.68,6.68,4563900
2020-02-12,6.75,6.8,6.69,6.75,6.75,5845758
2020-02-13,6.85,6.91,6.8,6.85,6.85,6808119
2020-02-14,6.92,6.98,6.87,6.92,6.92,5521028
2020-02-17,6.89,6.94,6.83,6.89,6.89,2943123
2020-02-18,7.0,7.05,6.94,7.0,7.0,5232141
2020-02-19,7.22,7.27,7.16,7.22,7.22,7177510
2020-02-20,7.25,7.31,7.2,7.25,7.25,7854456
2020-02-21,7.29,7.35,7.23,7.29,7.29,4892586
2020-02-24,7.34,7.39,7.28,7.34,7.34,3745006
2020-02-25,7.26,7.31,7.2,7.26,7.26,5639149
2020-02-26,7.29,7.35,7.24,7.29,7.29,6525286
2020-02-27,7.25,7.31,7.19,7.25,7.25,4497248
2020-02-28,7.51,7.57,7.45,7.51,7.51,5069836
2020-03-02,7.43,7.49,7.37,7.43,7.43,14055513
2020-03-03,7.48,7.54,7.42,7.48,7.48,7778192
2020-03-04,7.56,7.62,7.5,7.56,7.56,5642560
2020-03-05,7.64,7.71,7.58,7.64,7.64,5352562
2020-03-06,7.78,7.84,7.72,7.78,7.78,3113688
2020-03-09,7.8,7.86,7.73,7.8,7.8,2732766
2020-03-10,7.73,7.79,7.67,7.73,7.73,4862223
2020-03-11,7.77,7.83,7.71,7.77,7.77,3410601
2020-03-12,7.75,7.81,7.69,7.75,7.75,5158066
2020-03-13,8.06,8.13,8.0,8.06,8.06,4463280
2020-03-16,8.15,8.22,8.09,8.15,8.15,6168346
2020-03-17,8.22,8.28,8.15,8.22,8.22,5784101
2020-03-18,8.0,8.07,7.94,8.0,8.0,5020470
2020-03-19,8.08,8.14,8.01,8.08,8.08,4658071
2020-03-20,8.02,8.08,7.96,8.02,8.02,3603070
2020-03-23,8.13,8.2,8.07,8.13,8.13,6152712
2020-03-24,8.22,8.29,8.16,8.22,8.22,8361888
2020-03-25,8.3,8.36,8.23,8.3,8.3,6783200
2020-03-26,8.23,8.3,8.17,8.23,8.23,6466817
2020-03-27,8.25,8.31,8.18,8.25,8.25,5800042
2020-03-30,8.25,8.31,8.18,8.25,8.25,9825932
2020-03-31,8.29,8.35,8.22,8.29,8.29,5083479
2020-04-01,8.4,8.47,8.33,8.4,8.4,4391260
2020-04-02,8.4,8.47,8.33,8.4,8.4,4278918
2020-04-03,8.49,8.56,8.42,8.49,8.49,10121276
2020-04-06,8.52,8.58,8.45,8.52,8.52,6593553
2020-04-07,8.49,8.56,8.42,8.49,8.49,12026217
2020-04-08,8.52,8.58,8.45,8.52,8.52,4421858
2020-04-09,8.31,8.37,8.24,8.31,8.31,3467009
2020-04-10,8.23,8.3,8.17,8.23,8.23,2891947
2020-04-13,8.4,8.47,8.33,8.4,8.4,4068074
2020-04-14,8.41,8.47,8.34,8.41,8.41,12424888
2020-04-15,8.36,8.43,8.3,8.36,8.36,5644141
2020-04-16,8.48,8.55,8.41,8.48,8.48,8909255
2020-04-17,8.3,8.37,8.24,8.3,8.3,5377545
2020-04-20,8.23,8.29,8.16,8.23,8.23,5445592
2020-04-21,8.22,8.29,8.16,8.22,8.22,7358426
2020-04-22,8.34,8.41,8.27,8.34,8.34,6020006
2020-04-23,8.41,8.48,8.34,8.41,8.41,5716777
2020-04-24,8.57,8.63,8.5,8.57,8.57,5503336
2020-04-27,8.66,8.73,8.59,8.66,8.66,3143685
2020-04-28,8.66,8.73,8.59,8.66,8.66,3873346
2020-04-29,8.55,8.62,8.49,8.55,8.55,5075214
2020-04-30,8.38,8.45,8.32,8.38,8.38,3429885
2020-05-01,8.24,8.31,8.18,8.24,8.24,5988205
2020-05-04,8.26,8.32,8.19,8.26,8.26,10591784
2020-05-05,8.14,8.2,8.07,8.14,8.14,4073209
2020-05-06,8.21,8.27,8.14,8.21,8.21,4463075
2020-05-07,8.21,8.28,8.14,8.21,8.21,10943899
2020-05-08,8.17,8.23,8.1,8.17,8.17,4480320
2020-05-11,8.2,8.26,8.13,8.2,8.2,6933103
2020-05-12,8.3,8.37,8.24,8.3,8.3,3819718
2020-05-13,8.48,8.55,8.41,8.48,8.48,5426996
2020-05-14,8.33,8.4,8.26,8.33,8.33,2875701
2020-05-15,8.44,8.51,8.37,8.44,8.44,5077524
2020-05-18,8.61,8.68,8.54,8.61,8.61,3638235
2020-05-19,8.71,8.78,8.64,8.71,8.71,7634269
2020-05-20,8.76,8.83,8.69,8.76,8.76,3348492
2020-05-21,8.77,8.84,8.7,8.77,8.77,6245699
2020-05-22,8.91,8.98,8.84,8.91,8.91,5499974
2020-05-25,8.98,9.05,8.9,8.98,8.98,5796712
2020-05-26,8.82,8.89,8.75,8.82,8.82,3143873
2020-05-27,8.85,8.92,8.78,8.85,8.85,4391840
2020-05-28,8.65,8.72,8.59,8.65,8.65,7013399
2020-05-29,8.85,8.92,8.77,8.85,8.85,4038684
2020-06-01,8.82,8.89,8.75,8.82,8.82,6411652
2020-06-02,8.58,8.65,8.51,8.58,8.58,5950404
2020-06-03,8.65,8.72,8.58,8.65,8.65,4442570
2020-06-04,8.7,8.77,8.63,8.7,8.7,6004806
2020-06-05,8.82,8.89,8.75,8.82,8.82,10642307
2020-06-08,8.71,8.78,8.64,8.71,8.71,7004821
2020-06-09,8.68,8.75,8.61,8.68,8.68,8896996
2020-06-10,8.65,8.72,8.58,8.65,8.65,9096491
2020-06-11,8.62,8.69,8.55,8.62,8.62,6197812
2020-06-12,8.67,8.74,8.6,8.67,8.67,7888884
2020-06-15,8.76,8.83,8.69,8.76,8.76,5694853
2020-06-16,8.7,8.77,8.63,8.7,8.7,3988481
2020-06-17,8.65,8.72,8.58,8.65,8.65,4873937
2020-06-18,8.87,8.94,8.8,8.87,8.87,3416853
2020-06-19,8.77,8.84,8.7,8.77,8.77,4938664
2020-06-22,8.61,8.68,8.54,8.61,8.61,4273663
2020-06-23,8.71,8.78,8.64,8.71,8.71,3277786
2020-06-24,8.59,8.66,8.52,8.59,8.59,3271180
2020-06-25,8.69,8.76,8.62,8.69,8.69,11237002
2020-06-26,8.58,8.65,8.51,8.58,8.58,6191535
2020-06-29,8.64,8.71,8.57,8.64,8.64,3903843
2020-06-30,8.8,8.87,8.72,8.8,8.8,4545679
2020-07-01,9.09,9.16,9.01,9.09,9.09,8385319
2020-07-02,8.93,9.01,8.86,8.93,8.93,2445233
2020-07-03,8.76,8.83,8.69,8.76,8.76,6403473
2020-07-06,8.55,8.61,8.48,8.55,8.55,3466788
2020-07-07,8.78,8.85,8.71,8.78,8.78,3169496
2020-07-08,8.83,8.9,8.76,8.83,8.83,4874979
2020-07-09,8.65,8.72,8.58,8.65,8.65,9125053
2020-07-10,8.56,8.63,8.49,8.56,8.56,4259191
2020-07-13,8.66,8.73,8.59,8.66,8.66,7541146
2020-07-14,8.6,8.67,8.53,8.6,8.6,4998205
2020-07-15,8.71,8.78,8.64,8.71,8.71,8152445
2020-07-16,8.75,8.82,8.68,8.75,8.75,7387747
2020-07-17,8.61,8.68,8.54,8.61,8.61,4978855
2020-07-20,8.64,8.71,8.57,8.64,8.64,5328622
2020-07-21,8.82,8.9,8.75,8.82,8.82,3609700
2020-07-22,8.96,9.03,8.88,8.96,8.96,9910485
2020-07-23,9.14,9.22,9.07,9.14,9.14,6333594
2020-07-24,9.28,9.35,9.21,9.28,9.28,6900115
2020-07-27,9.4,9.47,9.32,9.4,9.4,4682485
2020-07-28,9.57,9.65,9.5,9.57,9.57,5252683
2020-07-29,9.62,9.69,9.54,9.62,9.62,8954770
2020-07-30,9.47,9.55,9.39,9.47,9.47,11776470
2020-07-31,9.42,9.5,9.35,9.42,9.42,7897117
2020-08-03,9.2,9.27,9.12,9.2,9.2,4932927
2020-08-04,9.05,9.12,8.98,9.05,9.05,6551133
2020-08-05,9.01,9.08,8.94,9.01,9.01,4078010
2020-08-06,9.13,9.21,9.06,9.13,9.13,1966462
2020-08-07,9.2,9.27,9.12,9.2,9.2,5504836
2020-08-10,9.28,9.36,9.21,9.28,9.28,7485095
2020-08-11,9.49,9.56,9.41,9.49,9.49,4646874
2020-08-12,9.32,9.4,9.25,9.32,9.32,5273019
2020-08-13,9.15,9.22,9.08,9.15,9.15,8004820
2020-08-14,9.31,9.39,9.24,9.31,9.31,4982199
2020-08-17,9.37,9.45,9.3,9.37,9.37,4098933
2020-08-18,9.13,9.2,9.05,9.13,9.13,5084463
2020-08-19,9.08,9.15,9.01,9.08,9.08,6287691
2020-08-20,8.87,8.94,8.8,8.87,8.87,2725743
2020-08-21,8.82,8.89,8.75,8.82,8.82,3107859
2020-08-24,8.85,8.92,8.78,8.85,8.85,3489559
2020-08-25,8.77,8.84,8.7,8.77,8.77,5160304
2020-08-26,8.51,8.57,8.44,8.51,8.51,5947581
2020-08-27,8.71,8.78,8.64,8.71,8.71,5204407
2020-08-28,8.76,8.83,8.69,8.76,8.76,5062105
2020-08-31,8.82,8.89,8.75,8.82,8.82,9179611
2020-09-01,8.89,8.96,8.82,8.89,8.89,2256655
2020-09-02,8.9,8.97,8.83,8.9,8.9,9708813
2020-09-03,9.14,9.22,9.07,9.14,9.14,5057752
2020-09-04,9.15,9.22,9.07,9.15,9.15,4175501
2020-09-07,9.09,9.16,9.02,9.09,9.09,5263254
2020-09-08,9.19,9.27,9.12,9.19,9.19,5404457
2020-09-09,9.24,9.31,9.16,9.24,9.24,7987759
2020-09-10,9.45,9.52,9.37,9.45,9.45,5763451
2020-09-11,9.45,9.52,9.37,9.45,9.45,10697733
2020-09-14,9.57,9.65,9.5,9.57,9.57,7268530
2020-09-15,9.43,9.5,9.35,9.43,9.43,6210424
2020-09-16,9.36,9.43,9.28,9.36,9.36,6130066
2020-09-17,9.49,9.56,9.41,9.49,9.49,7038925
2020-09-18,9.61,9.68,9.53,9.61,9.61,11448625
2020-09-21,9.66,9.73,9.58,9.66,9.66,6235278
2020-09-22,9.85,9.93,9.77,9.85,9.85,5351569
2020-09-23,9.8,9.88,9.72,9.8,9.8,11491560
2020-09-24,9.96,10.04,9.88,9.96,9.96,13727428
2020-09-25,10.25,10.33,10.17,10.25,10.25,5104623
2020-09-28,10.23,10.32,10.15,10.23,10.23,6811769
2020-09-29,10.26,10.34,10.17,10.26,10.26,6299145
2020-09-30,10.4,10.48,10.31,10.4,10.4,2383990
2020-10-01,10.21,10.29,10.13,10.21,10.21,7366887
2020-10-02,10.23,10.31,10.15,10.23,10.23,10647937
2020-10-05,10.17,10.25,10.09,10.17,10.17,2717717
2020-10-06,10.03,10.11,9.95,10.03,10.03,5775431
2020-10-07,10.07,10.15,9.99,10.07,10.07,9639110
2020-10-08,10.19,10.27,10.11,10.19,10.19,8603730
2020-10-09,10.47,10.55,10.39,10.47,10.47,4540419
2020-10-12,10.36,10.44,10.27,10.36,10.36,8083314
2020-10-13,9.98,10.06,9.9,9.98,9.98,6686682
2020-10-14,10.31,10.39,10.23,10.31,10.31,5620090
2020-10-15,10.16,10.25,10.08,10.16,10.16,3228888
2020-10-16,10.05,10.13,9.97,10.05,10.05,5499325
2020-10-19,10.14,10.22,10.06,10.14,10.14,3483520
2020-10-20,10.03,10.11,9.95,10.03,10.03,5482032
2020-10-21,10.09,10.17,10.01,10.09,10.09,4192169
2020-10-22,9.84,9.92,9.77,9.84,9.84,6437040
2020-10-23,9.91,9.98,9.83,9.91,9.91,3943188
2020-10-26,9.7,9.78,9.62,9.7,9.7,5918028
2020-10-27,9.77,9.85,9.69,9.77,9.77,5092164
2020-10-28,9.75,9.82,9.67,9.75,9.75,5482173
2020-10-29,9.68,9.76,9.6,9.68,9.68,3226564
2020-10-30,9.79,9.87,9.71,9.79,9.79,4189470
2020-11-02,9.77,9.85,9.7,9.77,9.77,7189801
2020-11-03,9.96,10.04,9.88,9.96,9.96,7676284
2020-11-04,9.89,9.97,9.81,9.89,9.89,9005402
2020-11-05,9.87,9.95,9.79,9.87,9.87,6387715
2020-11-06,9.76,9.84,9.69,9.76,9.76,2345092
2020-11-09,9.84,9.91,9.76,9.84,9.84,9532177
2020-11-10,9.7,9.78,9.63,9.7,9.7,5503202
2020-11-11,9.62,9.7,9.54,9.62,9.62,4922825
2020-11-12,9.3,9.37,9.22,9.3,9.3,8021375
2020-11-13,9.27,9.35,9.2,9.27,9.27,3532956
2020-11-16,9.17,9.25,9.1,9.17,9.17,2187891
2020-11-17,9.24,9.32,9.17,9.24,9.24,3866197
2020-11-18,9.44,9.51,9.36,9.44,9.44,3245873
2020-11-19,9.23,9.31,9.16,9.23,9.23,5017393
2020-11-20,9.4,9.47,9.32,9.4,9.4,7391662
2020-11-23,9.24,9.32,9.17,9.24,9.24,6374580
2020-11-24,9.4,9.48,9.32,9.4,9.4,6597394
2020-11-25,9.32,9.39,9.24,9.32,9.32,4484766
2020-11-26,9.31,9.38,9.24,9.31,9.31,2519573
2020-11-27,9.17,9.24,9.09,9.17,9.17,3856467
2020-11-30,9.04,9.12,8.97,9.04,9.04,6879445
2020-12-01,9.15,9.22,9.08,9.15,9.15,4493965
2020-12-02,9.02,9.1,8.95,9.02,9.02,6355442
2020-12-03,8.85,8.92,8.78,8.85,8.85,2396271
2020-12-04,8.87,8.94,8.8,8.87,8.87,3138815
2020-12-07,9.06,9.13,8.99,9.06,9.06,2950210
2020-12-08,9.12,9.19,9.05,9.12,9.12,9250399
2020-12-09,9.18,9.25,9.1,9.18,9.18,4872117
2020-12-10,9.57,9.65,9.5,9.57,9.57,5113528
2020-12-11,9.45,9.53,9.38,9.45,9.45,4352888
2020-12-14,9.32,9.39,9.24,9.32,9.32,2999552
2020-12-15,9.14,9.22,9.07,9.14,9.14,3795107
2020-12-16,8.88,8.95,8.81,8.88,8.88,7690089
2020-12-17,8.93,9.0,8.86,8.93,8.93,7737900
2020-12-18,8.75,8.82,8.68,8.75,8.75,5537894
2020-12-21,8.69,8.76,8.62,8.69,8.69,7038188
2020-12-22,8.64,8.71,8.58,8.64,8.64,5190871
2020-12-23,8.6,8.67,8.53,8.6,8.6,5245585
2020-12-24,8.42,8.49,8.35,8.42,8.42,5731986
2020-12-25,8.4,8.47,8.33,8.4,8.4,3731387
2020-12-28,8.13,8.19,8.06,8.13,8.13,4217690
2020-12-29,8.03,8.09,7.96,8.03,8.03,6666418
2020-12-30,8.07,8.13,8.01,8.07,8.07,3893406
2020-12-31,7.94,8.01,7.88,7.94,7.94,5352121
2021-01-01,8.18,8.25,8.12,8.18,8.18,5651654
2021-01-04,7.99,8.06,7.93,7.99,7.99,7618296
2021-01-05,8.14,8.2,8.07,8.14,8.14,8176049
2021-01-06,8.09,8.15,8.02,8.09,8.09,8262900
2021-01-07,7.98,8.05,7.92,7.98,7.98,5938710
2021-01-08,8.07,8.14,8.01,8.07,8.07,3583051
2021-01-11,7.91,7.97,7.84,7.91,7.91,6609733
2021-01-12,8.15,8.22,8.09,8.15,8.15,11171108
2021-01-13,8.32,8.39,8.26,8.32,8.32,4471159
2021-01-14,8.18,8.25,8.12,8.18,8.18,7758570
2021-01-15,8.11,8.17,8.04,8.11,8.11,5343139
2021-01-18,8.12,8.19,8.06,8.12,8.12,5137881
2021-01-19,8.08,8.15,8.02,8.08,8.08,7482079
2021-01-20,8.16,8.23,8.1,8.16,8.16,6688731
2021-01-21,8.37,8.44,8.31,8.37,8.37,7622663
2021-01-22,8.62,8.69,8.55,8.62,8.62,3740129
2021-01-25,8.76,8.83,8.69,8.76,8.76,4268614
2021-01-26,8.75,8.82,8.68,8.75,8.75,4572620
2021-01-27,8.82,8.9,8.75,8.82,8.82,3661567
2021-01-28,9.22,9.29,9.14,9.22,9.22,10325815
2021-01-29,9.08,9.15,9.01,9.08,9.08,6971501
2021-02-01,9.3,9.37,9.22,9.3,9.3,4595959
2021-02-02,9.28,9.35,9.2,9.28,9.28,3271520
2021-02-03,9.16,9.23,9.08,9.16,9.16,2308605
2021-02-04,9.15,9.22,9.07,9.15,9.15,8355721
2021-02-05,9.12,9.2,9.05,9.12,9.12,5035322
2021-02-08,9.18,9.25,9.1,9.18,9.18,4319638
2021-02-09,9.34,9.41,9.26,9.34,9.34,7549381
2021-02-10,9.33,9.41,9.26,9.33,9.33,7710204
2021-02-11,9.52,9.6,9.44,9.52,9.52,4715469
2021-02-12,9.53,9.61,9.46,9.53,9.53,5221019
2021-02-15,9.34,9.42,9.27,9.34,9.34,5894033
2021-02-16,9.5,9.58,9.43,9.5,9.5,10538026
2021-02-17,9.53,9.6,9.45,9.53,9.53,5989464
2021-02-18,9.66,9.73,9.58,9.66,9.66,8010157
2021-02-19,10.03,10.12,9.95,10.03,10.03,5494169
2021-02-22,10.13,10.21,10.05,10.13,10.13,6449113
2021-02-23,10.1,10.18,10.02,10.1,10.1,2341190
2021-02-24,9.85,9.93,9.78,9.85,9.85,6271254
2021-02-25,10.02,10.1,9.94,10.02,10.02,8829223
2021-02-26,9.93,10.01,9.85,9.93,9.93,3027482
2021-03-01,9.81,9.89,9.73,9.81,9.81,5008807
2021-03-02,9.58,9.65,9.5,9.58,9.58,5533564
2021-03-03,9.75,9.83,9.67,9.75,9.75,4612996
2021-03-04,9.79,9.87,9.71,9.79,9.79,2249343
2021-03-05,9.74,9.82,9.66,9.74,9.74,4971025
2021-03-08,9.79,9.87,9.71,9.79,9.79,9842372
2021-03-09,10.05,10.13,9.97,10.05,10.05,3875970
2021-03-10,9.82,9.9,9.75,9.82,9.82,3704443
2021-03-11,9.78,9.86,9.7,9.78,9.78,4809063
2021-03-12,9.62,9.7,9.54,9.62,9.62,6966788
2021-03-15,9.72,9.8,9.64,9.72,9.72,12879171
2021-03-16,9.59,9.67,9.51,9.59,9.59,3806316
2021-03-17,9.57,9.64,9.49,9.57,9.57,6990423
2021-03-18,9.54,9.62,9.47,9.54,9.54,4479372
2021-03-19,9.3,9.37,9.22,9.3,9.3,5176896
2021-03-22,9.64,9.71,9.56,9.64,9.64,7626225
2021-03-23,9.51,9.58,9.43,9.51,9.51,5618510
2021-03-24,9.37,9.45,9.3,9.37,9.37,2454805
2021-03-25,9.24,9.32,9.17,9.24,9.24,3341530
2021-03-26,8.96,9.03,8.89,8.96,8.96,7140147
2021-03-29,9.1,9.17,9.03,9.1,9.1,3431103
2021-03-30,9.01,9.08,8.94,9.01,9.01,7305951
2021-03-31,9.08,9.15,9.01,9.08,9.08,7404249
2021-04-01,9.13,9.21,9.06,9.13,9.13,2574697
2021-04-02,9.39,9.47,9.32,9.39,9.39,4517726
2021-04-05,9.59,9.67,9.52,9.59,9.59,4817163
2021-04-06,9.68,9.76,9.6,9.68,9.68,13124039
2021-04-07,9.77,9.85,9.7,9.77,9.77,7042640
2021-04-08,9.78,9.86,9.7,9.78,9.78,2735731
2021-04-09,9.78,9.86,9.71,9.78,9.78,5081784
2021-04-12,9.71,9.78,9.63,9.71,9.71,5570726
2021-04-13,9.64,9.72,9.56,9.64,9.64,6658542
2021-04-14,9.26,9.33,9.19,9.26,9.26,7171051
2021-04-15,9.28,9.35,9.21,9.28,9.28,6605246
2021-04-16,9.13,9.21,9.06,9.13,9.13,5670271
2021-04-19,8.89,8.96,8.81,8.89,8.89,8064715
2021-04-20,8.84,8.91,8.77,8.84,8.84,4944936
2021-04-21,8.71,8.78,8.64,8.71,8.71,3235288
2021-04-22,8.53,8.6,8.46,8.53,8.53,7813841
2021-04-23,8.31,8.38,8.24,8.31,8.31,5951929
2021-04-26,8.04,8.1,7.97,8.04,8.04,9218953
2021-04-27,7.99,8.05,7.92,7.99,7.99,7643085
2021-04-28,8.13,8.19,8.06,8.13,8.13,8661197
2021-04-29,8.14,8.21,8.08,8.14,8.14,3412261
2021-04-30,8.17,8.23,8.1,8.17,8.17,5487380
2021-05-03,8.17,8.23,8.1,8.17,8.17,2034450
2021-05-04,8.3,8.37,8.23,8.3,8.3,4261328
2021-05-05,8.44,8.5,8.37,8.44,8.44,3929720
2021-05-06,8.34,8.41,8.27,8.34,8.34,5314658
2021-05-07,8.21,8.27,8.14,8.21,8.21,5259110
2021-05-10,8.37,8.44,8.3,8.37,8.37,6499458
2021-05-11,8.54,8.61,8.47,8.54,8.54,5525350
2021-05-12,8.51,8.58,8.44,8.51,8.51,3766448
2021-05-13,8.39,8.46,8.33,8.39,8.39,7471864
2021-05-14,8.42,8.49,8.35,8.42,8.42,2586318
2021-05-17,8.26,8.32,8.19,8.26,8.26,3588667
2021-05-18,8.36,8.43,8.3,8.36,8.36,5779364
2021-05-19,8.41,8.48,8.34,8.41,8.41,5321207
2021-05-20,8.38,8.45,8.32,8.38,8.38,4109026
2021-05-21,8.25,8.31,8.18,8.25,8.25,4966424
2021-05-24,8.31,8.37,8.24,8.31,8.31,4136633
2021-05-25,8.46,8.53,8.39,8.46,8.46,2244720
2021-05-26,8.42,8.49,8.35,8.42,8.42,6065094
2021-05-27,8.34,8.41,8.28,8.34,8.34,4141902
2021-05-28,8.39,8.45,8.32,8.39,8.39,6846043
2021-05-31,8.31,8.38,8.25,8.31,8.31,6644848
2021-06-01,8.17,8.23,8.1,8.17,8.17,4723360
2021-06-02,8.0,8.07,7.94,8.0,8.0,7750516
2021-06-03,8.18,8.25,8.12,8.18,8.18,3837857
2021-06-04,8.07,8.14,8.01,8.07,8.07,8649345
2021-06-07,8.06,8.12,7.99,8.06,8.06,6651089
2021-06-08,8.31,8.38,8.25,8.31,8.31,2452060
2021-06-09,8.43,8.5,8.37,8.43,8.43,6575340
2021-06-10,8.39,8.45,8.32,8.39,8.39,6379222
2021-06-11,8.54,8.61,8.47,8.54,8.54,4191495
2021-06-14,8.18,8.25,8.12,8.18,8.18,9121278
2021-06-15,8.22,8.28,8.15,8.22,8.22,9586803
2021-06-16,8.1,8.16,8.03,8.1,8.1,13609399
2021-06-17,8.36,8.43,8.29,8.36,8.36,7649393
2021-06-18,8.37,8.44,8.31,8.37,8.37,3378573
2021-06-21,8.37,8.44,8.31,8.37,8.37,6389292
2021-06-22,8.52,8.59,8.45,8.52,8.52,5761597
2021-06-23,8.34,8.41,8.28,8.34,8.34,9092184
2021-06-24,8.57,8.64,8.5,8.57,8.57,4115838
2021-06-25,8.77,8.84,8.7,8.77,8.77,6426286
2021-06-28,8.65,8.72,8.59,8.65,8.65,4557386
2021-06-29,8.83,8.9,8.76,8.83,8.83,10767070
2021-06-30,8.72,8.79,8.65,8.72,8.72,6187616
2021-07-01,8.64,8.71,8.58,8.64,8.64,7978628
2021-07-02,8.66,8.73,8.59,8.66,8.66,4710825
2021-07-05,8.61,8.67,8.54,8.61,8.61,4769294
2021-07-06,8.69,8.76,8.62,8.69,8.69,3245710
2021-07-07,8.63,8.7,8.57,8.63,8.63,4535998
2021-07-08,8.46,8.52,8.39,8.46,8.46,7070661
2021-07-09,8.29,8.36,8.22,8.29,8.29,4871954
2021-07-12,8.29,8.35,8.22,8.29,8.29,9380698
2021-07-13,8.18,8.25,8.12,8.18,8.18,4746419
2021-07-14,8.05,8.11,7.98,8.05,8.05,10922536
2021-07-15,8.02,8.08,7.95,8.02,8.02,4898326
2021-07-16,8.11,8.17,8.04,8.11,8.11,6035764
2021-07-19,7.97,8.04,7.91,7.97,7.97,5964784
2021-07-20,7.88,7.94,7.82,7.88,7.88,9508531
2021-07-21,7.82,7.88,7.75,7.82,7.82,4531181
2021-07-22,7.85,7.91,7.79,7.85,7.85,5325349
2021-07-23,7.8,7.86,7.73,7.8,7.8,4275934
2021-07-26,8.03,8.09,7.96,8.03,8.03,5198164
2021-07-27,7.94,8.0,7.88,7.94,7.94,4824303
2021-07-28,7.89,7.95,7.82,7.89,7.89,8393320
2021-07-29,7.94,8.0,7.87,7.94,7.94,4329630
2021-07-30,8.05,8.12,7.99,8.05,8.05,6687692
2021-08-02,8.16,8.23,8.1,8.16,8.16,5157303
2021-08-03,8.33,8.4,8.26,8.33,8.33,9165822
2021-08-04,8.17,8.24,8.11,8.17,8.17,3604442
2021-08-05,8.22,8.28,8.15,8.22,8.22,9250237
2021-08-06,8.27,8.33,8.2,8.27,8.27,5899694
2021-08-09,8.26,8.32,8.19,8.26,8.26,4134813
2021-08-10,8.32,8.39,8.26,8.32,8.32,2718152
2021-08-11,8.44,8.51,8.37,8.44,8.44,4585980
2021-08-12,8.42,8.48,8.35,8.42,8.42,5611039
2021-08-13,8.54,8.61,8.47,8.54,8.54,5674029
2021-08-16,8.52,8.59,8.45,8.52,8.52,4975038
2021-08-17,8.38,8.44,8.31,8.38,8.38,9750599
2021-08-18,8.51,8.58,8.44,8.51,8.51,6272701
2021-08-19,8.48,8.54,8.41,8.48,8.48,7952610
2021-08-20,8.52,8.59,8.45,8.52,8.52,11234418
2021-08-23,8.54,8.61,8.47,8.54,8.54,6213782
2021-08-24,8.7,8.77,8.63,8.7,8.7,4093701
2021-08-25,8.61,8.67,8.54,8.61,8.61,3937021
2021-08-26,8.6,8.67,8.53,8.6,8.6,3548098
2021-08-27,8.74,8.81,8.67,8.74,8.74,2758226
2021-08-30,8.8,8.87,8.73,8.8,8.8,2201948
2021-08-31,9.02,9.09,8.95,9.02,9.02,6194167
2021-09-01,9.12,9.2,9.05,9.12,9.12,6051477
2021-09-02,8.94,9.01,8.87,8.94,8.94,5004378
2021-09-03,8.87,8.95,8.8,8.87,8.87,6848557
2021-09-06,8.76,8.83,8.69,8.76,8.76,4759301
2021-09-07,8.77,8.84,8.7,8.77,8.77,4401945
2021-09-08,8.91,8.98,8.84,8.91,8.91,9792097
2021-09-09,8.67,8.74,8.6,8.67,8.67,7896620
2021-09-10,8.66,8.73,8.59,8.66,8.66,6872160
2021-09-13,8.58,8.64,8.51,8.58,8.58,3192671
2021-09-14,8.44,8.51,8.37,8.44,8.44,8589857
2021-09-15,8.45,8.51,8.38,8.45,8.45,11813230
2021-09-16,8.49,8.56,8.42,8.49,8.49,6244596
2021-09-17,8.85,8.92,8.78,8.85,8.85,5715913
2021-09-20,8.95,9.03,8.88,8.95,8.95,3238122
2021-09-21,8.9,8.97,8.82,8.9,8.9,6646245
2021-09-22,8.95,9.02,8.88,8.95,8.95,5322041
2021-09-23,8.88,8.95,8.81,8.88,8.88,5427326
2021-09-24,8.85,8.92,8.78,8.85,8.85,6933330
2021-09-27,8.59,8.66,8.52,8.59,8.59,9797677
2021-09-28,8.61,8.67,8.54,8.61,8.61,4177940
2021-09-29,8.38,8.45,8.32,8.38,8.38,8804229
2021-09-30,8.5,8.56,8.43,8.5,8.5,7994473
2021-10-01,8.51,8.57,8.44,8.51,8.51,3763498
2021-10-04,8.34,8.41,8.28,8.34,8.34,7736569
2021-10-05,8.31,8.37,8.24,8.31,8.31,8572996
2021-10-06,8.16,8.23,8.1,8.16,8.16,10114671
2021-10-07,8.18,8.25,8.12,8.18,8.18,4320931
2021-10-08,8.13,8.2,8.07,8.13,8.13,13508825
2021-10-11,7.97,8.04,7.91,7.97,7.97,3183395
2021-10-12,8.16,8.23,8.1,8.16,8.16,13692342
2021-10-13,8.22,8.29,8.16,8.22,8.22,5223794
2021-10-14,8.31,8.37,8.24,8.31,8.31,9367003
2021-10-15,8.06,8.13,8.0,8.06,8.06,8631347
2021-10-18,7.84,7.91,7.78,7.84,7.84,4456874
2021-10-19,7.82,7.88,7.76,7.82,7.82,4080404
2021-10-20,7.82,7.88,7.75,7.82,7.82,7600258
2021-10-21,7.76,7.83,7.7,7.76,7.76,4751169
2021-10-22,7.77,7.83,7.71,7.77,7.77,9602161
2021-10-25,7.83,7.89,7.77,7.83,7.83,4509425
2021-10-26,7.98,8.04,7.92,7.98,7.98,3687607
2021-10-27,7.93,7.99,7.86,7.93,7.93,5764096
2021-10-28,7.94,8.01,7.88,7.94,7.94,8812749
2021-10-29,7.81,7.87,7.74,7.81,7.81,6077691
2021-11-01,7.88,7.94,7.81,7.88,7.88,5563539
2021-11-02,7.92,7.99,7.86,7.92,7.92,7099650
2021-11-03,8.07,8.14,8.01,8.07,8.07,6392322
2021-11-04,8.17,8.23,8.1,8.17,8.17,4987239
2021-11-05,8.09,8.16,8.03,8.09,8.09,5800582
2021-11-08,8.33,8.39,8.26,8.33,8.33,5862397
2021-11-09,8.31,8.38,8.25,8.31,8.31,2382531
2021-11-10,8.26,8.33,8.2,8.26,8.26,3738692
2021-11-11,8.29,8.36,8.23,8.29,8.29,8555723
2021-11-12,8.04,8.1,7.97,8.04,8.04,6536542
2021-11-15,8.21,8.28,8.15,8.21,8.21,16929552
2021-11-16,8.32,8.39,8.26,8.32,8.32,3187296
2021-11-17,7.94,8.0,7.88,7.94,7.94,5705372
2021-11-18,7.75,7.81,7.68,7.75,7.75,3402034
2021-11-19,7.66,7.72,7.59,7.66,7.66,3896253
2021-11-22,7.64,7.7,7.58,7.64,7.64,2871880
2021-11-23,7.54,7.6,7.48,7.54,7.54,5767220
2021-11-24,7.35,7.41,7.29,7.35,7.35,5035964
2021-11-25,7.33,7.39,7.27,7.33,7.33,2668196
2021-11-26,7.13,7.19,7.07,7.13,7.13,6170889
2021-11-29,7.17,7.23,7.11,7.17,7.17,5313066
2021-11-30,7.23,7.29,7.17,7.23,7.23,4337338
2021-12-01,7.19,7.25,7.13,7.19,7.19,5650067
2021-12-02,7.16,7.22,7.1,7.16,7.16,3191334
2021-12-03,7.16,7.22,7.1,7.16,7.16,7072650
2021-12-06,7.26,7.32,7.2,7.26,7.26,7168303
2021-12-07,7.25,7.3,7.19,7.25,7.25,5101553
2021-12-08,7.16,7.21,7.1,7.16,7.16,2285713
2021-12-09,7.1,7.16,7.04,7.1,7.1,7651851
2021-12-10,6.93,6.98,6.87,6.93,6.93,6067749
2021-12-13,7.08,7.14,7.03,7.08,7.08,4975245
2021-12-14,6.92,6.98,6.87,6.92,6.92,2235606
2021-12-15,6.68,6.73,6.62,6.68,6.68,9190883
2021-12-16,6.73,6.79,6.68,6.73,6.73,5924628
2021-12-17,6.66,6.71,6.61,6.66,6.66,5486571
2021-12-20,6.8,6.86,6.75,6.8,6.8,3473942
2021-12-21,6.72,6.78,6.67,6.72,6.72,4635916
2021-12-22,6.93,6.99,6.88,6.93,6.93,2606260
2021-12-23,7.08,7.14,7.02,7.08,7.08,5429673
2021-12-24,6.98,7.04,6.93,6.98,6.98,4560325
2021-12-27,6.97,7.02,6.91,6.97,6.97,3714629
2021-12-28,6.97,7.03,6.91,6.97,6.97,2930504
2021-12-29,7.11,7.17,7.05,7.11,7.11,3065032
2021-12-30,6.97,7.02,6.91,6.97,6.97,5798512
2021-12-31,7.03,7.08,6.97,7.03,7.03,2117841
2022-01-03,7.05,7.11,7.0,7.05,7.05,3589746
2022-01-04,7.06,7.12,7.01,7.06,7.06,7512106
2022-01-05,6.98,7.03,6.92,6.98,6.98,5492390
2022-01-06,7.08,7.13,7.02,7.08,7.08,6502660
2022-01-07,7.13,7.18,7.07,7.13,7.13,4727577
2022-01-10,7.04,7.1,6.99,7.04,7.04,4468583
2022-01-11,7.04,7.1,6.98,7.04,7.04,4999335
2022-01-12,7.19,7.24,7.13,7.19,7.19,2086392
2022-01-13,7.07,7.13,7.01,7.07,7.07,10348005
2022-01-14,7.27,7.33,7.21,7.27,7.27,4585686
2022-01-17,7.32,7.37,7.26,7.32,7.32,2365117
2022-01-18,7.31,7.37,7.25,7.31,7.31,4872806
2022-01-19,7.28,7.34,7.22,7.28,7.28,7741078
2022-01-20,7.35,7.41,7.29,7.35,7.35,6142278
2022-01-21,7.32,7.38,7.27,7.32,7.32,8353920
2022-01-24,7.3,7.36,7.24,7.3,7.3,5339648
2022-01-25,7.25,7.3,7.19,7.25,7.25,5568532
2022-01-26,7.24,7.3,7.18,7.24,7.24,1355053
2022-01-27,7.15,7.21,7.09,7.15,7.15,9224583
2022-01-28,7.13,7.19,7.08,7.13,7.13,3147893
2022-01-31,7.11,7.17,7.06,7.11,7.11,5279396
2022-02-01,7.28,7.34,7.22,7.28,7.28,3371605
2022-02-02,7.32,7.37,7.26,7.32,7.32,8812879
2022-02-03,7.24,7.29,7.18,7.24,7.24,4368461
2022-02-04,7.47,7.53,7.41,7.47,7.47,2453871
2022-02-07,7.46,7.52,7.4,7.46,7.46,7352686
2022-02-08,7.42,7.48,7.36,7.42,7.42,2735144
2022-02-09,7.36,7.42,7.3,7.36,7.36,3599581
2022-02-10,7.22,7.28,7.16,7.22,7.22,3909072
2022-02-11,7.24,7.3,7.19,7.24,7.24,5210986
2022-02-14,7.34,7.4,7.28,7.34,7.34,5685381
2022-02-15,7.16,7.22,7.1,7.16,7.16,4661277
2022-02-16,7.08,7.14,7.03,7.08,7.08,4452418
2022-02-17,7.24,7.3,7.18,7.24,7.24,7889790
2022-02-18,7.22,7.27,7.16,7.22,7.22,6022630
2022-02-21,7.14,7.19,7.08,7.14,7.14,10520375
2022-02-22,7.16,7.22,7.1,7.16,7.16,3017535
2022-02-23,7.21,7.27,7.16,7.21,7.21,9559093
2022-02-24,7.3,7.36,7.24,7.3,7.3,8697730
2022-02-25,7.4,7.45,7.34,7.4,7.4,3584228
2022-02-28,7.43,7.49,7.37,7.43,7.43,6269030
2022-03-01,7.43,7.49,7.37,7.43,7.43,5291398
2022-03-02,7.47,7.53,7.41,7.47,7.47,4642454
2022-03-03,7.37,7.43,7.31,7.37,7.37,2814476
2022-03-04,7.37,7.43,7.31,7.37,7.37,7537420
2022-03-07,7.15,7.21,7.1,7.15,7.15,11255048
2022-03-08,7.21,7.27,7.15,7.21,7.21,4543968
2022-03-09,7.27,7.33,7.22,7.27,7.27,6404258
2022-03-10,7.45,7.51,7.39,7.45,7.45,6707215
2022-03-11,7.52,7.58,7.46,7.52,7.52,5563508
2022-03-14,7.85,7.91,7.79,7.85,7.85,15587775
2022-03-15,7.9,7.96,7.83,7.9,7.9,8476110
2022-03-16,7.83,7.89,7.76,7.83,7.83,14773186
2022-03-17,8.01,8.07,7.94,8.01,8.01,8474133
2022-03-18,8.12,8.19,8.06,8.12,8.12,6159155
2022-03-21,8.24,8.3,8.17,8.24,8.24,3150192
2022-03-22,8.15,8.22,8.09,8.15,8.15,2339811
2022-03-23,8.16,8.23,8.09,8.16,8.16,5052459
2022-03-24,8.25,8.32,8.19,8.25,8.25,4213163
2022-03-25,8.17,8.23,8.1,8.17,8.17,4025042
2022-03-28,8.17,8.23,8.1,8.17,8.17,6550467
2022-03-29,8.41,8.48,8.34,8.41,8.41,9233670
2022-03-30,8.47,8.54,8.4,8.47,8.47,8930846
2022-03-31,8.7,8.77,8.63,8.7,8.7,4730188
2022-04-01,8.87,8.94,8.8,8.87,8.87,7879727
2022-04-04,8.99,9.07,8.92,8.99,8.99,9360256
2022-04-05,9.11,9.18,9.03,9.11,9.11,3442838
2022-04-06,9.28,9.35,9.2,9.28,9.28,6736691
2022-04-07,9.26,9.34,9.19,9.26,9.26,5255285
2022-04-08,9.44,9.52,9.37,9.44,9.44,12269035
2022-04-11,9.38,9.45,9.3,9.38,9.38,4968185
2022-04-12,9.46,9.53,9.38,9.46,9.46,7299806
2022-04-13,9.6,9.67,9.52,9.6,9.6,2516303
2022-04-14,9.51,9.59,9.43,9.51,9.51,8133037
2022-04-15,9.5,9.58,9.43,9.5,9.5,3726872
2022-04-18,9.42,9.5,9.35,9.42,9.42,3619888
2022-04-19,9.49,9.57,9.41,9.49,9.49,17131908
2022-04-20,9.72,9.8,9.64,9.72,9.72,3122067
2022-04-21,10.04,10.12,9.96,10.04,10.04,3496586
2022-04-22,10.19,10.27,10.11,10.19,10.19,6477066
2022-04-25,9.9,9.98,9.82,9.9,9.9,8475146
2022-04-26,10.15,10.23,10.07,10.15,10.15,4238171
2022-04-27,10.19,10.27,10.11,10.19,10.19,5539368
2022-04-28,10.06,10.14,9.98,10.06,10.06,4033806
2022-04-29,10.19,10.27,10.11,10.19,10.19,5179623
2022-05-02,10.1,10.18,10.02,10.1,10.1,7498349
2022-05-03,10.24,10.32,10.15,10.24,10.24,4101302
2022-05-04,10.02,10.1,9.94,10.02,10.02,4244436
2022-05-05,9.75,9.83,9.67,9.75,9.75,3738014
2022-05-06,9.77,9.84,9.69,9.77,9.77,7699409
2022-05-09,10.04,10.12,9.96,10.04,10.04,10166306
2022-05-10,10.15,10.23,10.07,10.15,10.15,9822087
2022-05-11,10.01,10.09,9.93,10.01,10.01,3602393
2022-05-12,9.96,10.04,9.88,9.96,9.96,3279138
2022-05-13,9.81,9.89,9.73,9.81,9.81,6361982
2022-05-16,9.81,9.88,9.73,9.81,9.81,2569237
2022-05-17,9.7,9.77,9.62,9.7,9.7,5766064
2022-05-18,9.56,9.64,9.49,9.56,9.56,3814356
2022-05-19,9.56,9.64,9.49,9.56,9.56,7949168
2022-05-20,9.58,9.65,9.5,9.58,9.58,4659353
2022-05-23,9.35,9.42,9.27,9.35,9.35,4490622
2022-05-24,9.17,9.24,9.09,9.17,9.17,5750079
2022-05-25,9.09,9.16,9.02,9.09,9.09,4033580
2022-05-26,9.26,9.33,9.18,9.26,9.26,5182220
2022-05-27,9.19,9.26,9.11,9.19,9.19,2283702
2022-05-30,9.08,9.15,9.01,9.08,9.08,2449592
2022-05-31,9.27,9.35,9.2,9.27,9.27,2865828
2022-06-01,9.31,9.38,9.24,9.31,9.31,3354023
2022-06-02,9.22,9.3,9.15,9.22,9.22,7027942
2022-06-03,9.1,9.17,9.02,9.1,9.1,4958513
2022-06-06,9.05,9.13,8.98,9.05,9.05,8150111
2022-06-07,9.03,9.1,8.96,9.03,9.03,6433074
2022-06-08,8.98,9.05,8.9,8.98,8.98,8746313
2022-06-09,8.96,9.03,8.89,8.96,8.96,6376041
2022-06-10,9.06,9.14,8.99,9.06,9.06,4684802
2022-06-13,9.15,9.22,9.08,9.15,9.15,7786131
2022-06-14,9.03,9.11,8.96,9.03,9.03,5492462
2022-06-15,8.91,8.98,8.83,8.91,8.91,9619873
2022-06-16,8.99,9.06,8.92,8.99,8.99,6956726
2022-06-17,9.08,9.15,9.01,9.08,9.08,4011580
2022-06-20,9.17,9.24,9.1,9.17,9.17,10602452
2022-06-21,9.26,9.34,9.19,9.26,9.26,6136855
2022-06-22,9.3,9.38,9.23,9.3,9.3,5716046
2022-06-23,9.33,9.41,9.26,9.33,9.33,8951343
2022-06-24,9.32,9.39,9.24,9.32,9.32,5967847
2022-06-27,9.26,9.33,9.19,9.26,9.26,4761079
2022-06-28,9.28,9.35,9.2,9.28,9.28,6110536
2022-06-29,9.3,9.37,9.22,9.3,9.3,9484330
2022-06-30,9.26,9.33,9.19,9.26,9.26,2652618
2022-07-01,9.31,9.38,9.23,9.31,9.31,7818612
2022-07-04,9.24,9.31,9.17,9.24,9.24,4366419
2022-07-05,9.31,9.38,9.23,9.31,9.31,4248416
2022-07-06,9.39,9.47,9.32,9.39,9.39,5985412
2022-07-07,9.37,9.45,9.3,9.37,9.37,3115469
2022-07-08,9.33,9.41,9.26,9.33,9.33,4753053
2022-07-11,9.52,9.59,9.44,9.52,9.52,4098813
2022-07-12,9.5,9.57,9.42,9.5,9.5,4017359
2022-07-13,9.4,9.47,9.32,9.4,9.4,7959445
2022-07-14,9.41,9.48,9.33,9.41,9.41,8417993
2022-07-15,9.42,9.49,9.34,9.42,9.42,4378647
2022-07-18,9.55,9.62,9.47,9.55,9.55,5146635
2022-07-19,9.95,10.03,9.87,9.95,9.95,3622240
2022-07-20,9.94,10.02,9.86,9.94,9.94,3735005
2022-07-21,10.13,10.21,10.05,10.13,10.13,4799499
2022-07-22,10.0,10.08,9.92,10.0,10.0,5573304
2022-07-25,10.13,10.22,10.05,10.13,10.13,13485920
2022-07-26,9.89,9.97,9.81,9.89,9.89,4291094
2022-07-27,9.71,9.79,9.63,9.71,9.71,6248208
2022-07-28,9.57,9.65,9.5,9.57,9.57,5961897
2022-07-29,9.32,9.39,9.24,9.32,9.32,7934353
2022-08-01,8.97,9.05,8.9,8.97,8.97,6645676
2022-08-02,8.88,8.95,8.81,8.88,8.88,6613682
2022-08-03,8.76,8.83,8.69,8.76,8.76,2968958
2022-08-04,8.65,8.72,8.58,8.65,8.65,5691996
2022-08-05,8.75,8.82,8.68,8.75,8.75,4102442
2022-08-08,9.02,9.09,8.95,9.02,9.02,5514060
2022-08-09,9.11,9.19,9.04,9.11,9.11,7672077
2022-08-10,8.99,9.06,8.92,8.99,8.99,4866767
2022-08-11,8.86,8.93,8.79,8.86,8.86,5459096
2022-08-12,8.69,8.76,8.63,8.69,8.69,7352927
2022-08-15,8.74,8.81,8.67,8.74,8.74,7996033
2022-08-16,8.64,8.71,8.57,8.64,8.64,3443195
2022-08-17,8.63,8.7,8.57,8.63,8.63,3136886
2022-08-18,8.77,8.84,8.7,8.77,8.77,4388949
2022-08-19,8.93,9.0,8.85,8.93,8.93,6194427
2022-08-22,8.92,8.99,8.85,8.92,8.92,2629946
2022-08-23,9.01,9.08,8.94,9.01,9.01,9170676
2022-08-24,8.96,9.03,8.89,8.96,8.96,6275124
2022-08-25,9.01,9.08,8.94,9.01,9.01,4209139
2022-08-26,9.06,9.13,8.98,9.06,9.06,3309790
2022-08-29,9.38,9.45,9.3,9.38,9.38,4144653
2022-08-30,9.35,9.43,9.28,9.35,9.35,5719462
2022-08-31,9.54,9.62,9.46,9.54,9.54,5635542
2022-09-01,9.48,9.56,9.41,9.48,9.48,7247077
2022-09-02,9.6,9.68,9.53,9.6,9.6,4415967
2022-09-05,9.6,9.67,9.52,9.6,9.6,4682362
2022-09-06,9.59,9.67,9.52,9.59,9.59,4760007
2022-09-07,9.94,10.02,9.86,9.94,9.94,9966850
2022-09-08,9.95,10.03,9.87,9.95,9.95,9483460
2022-09-09,9.91,9.98,9.83,9.91,9.91,8026215
2022-09-12,9.84,9.91,9.76,9.84,9.84,3349355
2022-09-13,9.92,10.0,9.84,9.92,9.92,5707856
2022-09-14,9.94,10.02,9.86,9.94,9.94,5029956
2022-09-15,9.85,9.93,9.78,9.85,9.85,4992195
2022-09-16,9.82,9.9,9.74,9.82,9.82,9755071
2022-09-19,9.98,10.06,9.9,9.98,9.98,3822346
2022-09-20,9.97,10.05,9.89,9.97,9.97,2395131
2022-09-21,10.07,10.15,9.99,10.07,10.07,4639467
2022-09-22,10.05,10.13,9.97,10.05,10.05,4115291
2022-09-23,9.82,9.9,9.74,9.82,9.82,3393763
2022-09-26,9.71,9.78,9.63,9.71,9.71,2452424
2022-09-27,10.11,10.19,10.03,10.11,10.11,5616497
2022-09-28,10.14,10.22,10.06,10.14,10.14,5879965
2022-09-29,10.3,10.38,10.22,10.3,10.3,8174616
2022-09-30,10.29,10.37,10.21,10.29,10.29,9185710
2022-10-03,10.26,10.34,10.18,10.26,10.26,6281227
2022-10-04,10.3,10.39,10.22,10.3,10.3,6807426
2022-10-05,10.43,10.52,10.35,10.43,10.43,5780505
2022-10-06,10.5,10.58,10.41,10.5,10.5,4336691
2022-10-07,10.33,10.42,10.25,10.33,10.33,5490771
2022-10-10,10.26,10.34,10.18,10.26,10.26,3778888
2022-10-11,10.15,10.23,10.06,10.15,10.15,4753089
2022-10-12,10.33,10.42,10.25,10.33,10.33,6565092
2022-10-13,10.31,10.39,10.23,10.31,10.31,7500199
2022-10-14,10.5,10.59,10.42,10.5,10.5,3921681
2022-10-17,10.67,10.75,10.58,10.67,10.67,5735239
2022-10-18,10.67,10.76,10.58,10.67,10.67,6122794
2022-10-19,10.64,10.72,10.55,10.64,10.64,10332491
2022-10-20,10.64,10.72,10.55,10.64,10.64,3327131
2022-10-21,10.57,10.65,10.48,10.57,10.57,2135454
2022-10-24,10.9,10.98,10.81,10.9,10.9,4482567
2022-10-25,11.13,11.22,11.04,11.13,11.13,4834249
2022-10-26,11.6,11.69,11.51,11.6,11.6,8156287
2022-10-27,11.59,11.68,11.49,11.59,11.59,2995320
2022-10-28,11.52,11.61,11.43,11.52,11.52,7824804
2022-10-31,11.55,11.64,11.45,11.55,11.55,4335609
2022-11-01,11.46,11.55,11.37,11.46,11.46,6970266
2022-11-02,11.4,11.49,11.31,11.4,11.4,3505123
2022-11-03,11.37,11.46,11.28,11.37,11.37,5812408
2022-11-04,11.28,11.37,11.19,11.28,11.28,3949047
2022-11-07,11.04,11.13,10.95,11.04,11.04,4100447
2022-11-08,11.19,11.28,11.1,11.19,11.19,7447680
2022-11-09,11.17,11.26,11.08,11.17,11.17,6951446
2022-11-10,11.13,11.22,11.04,11.13,11.13,7197753
2022-11-11,11.08,11.17,10.99,11.08,11.08,5294555
2022-11-14,11.12,11.21,11.03,11.12,11.12,7474879
2022-11-15,11.05,11.13,10.96,11.05,11.05,7675478
2022-11-16,11.41,11.5,11.32,11.41,11.41,4402714
2022-11-17,11.61,11.7,11.51,11.61,11.61,10701763
2022-11-18,11.89,11.98,11.79,11.89,11.89,3999450
2022-11-21,12.12,12.22,12.02,12.12,12.12,3724198
2022-11-22,12.0,12.09,11.9,12.0,12.0,3815761
2022-11-23,12.08,12.18,11.98,12.08,12.08,4701899
2022-11-24,12.3,12.4,12.2,12.3,12.3,6978037
2022-11-25,12.41,12.51,12.31,12.41,12.41,9479490
2022-11-28,12.25,12.34,12.15,12.25,12.25,5754727
2022-11-29,12.17,12.26,12.07,12.17,12.17,4878194
2022-11-30,12.5,12.6,12.4,12.5,12.5,5198648
2022-12-01,12.5,12.6,12.4,12.5,12.5,4649070
2022-12-02,12.42,12.52,12.32,12.42,12.42,4744166
2022-12-05,12.44,12.54,12.34,12.44,12.44,4300641
2022-12-06,12.68,12.78,12.57,12.68,12.68,3023519
2022-12-07,12.6,12.7,12.5,12.6,12.6,5097863
2022-12-08,12.49,12.59,12.39,12.49,12.49,3683731
2022-12-09,12.62,12.72,12.52,12.62,12.62,7446768
2022-12-12,12.62,12.72,12.52,12.62,12.62,3130236
2022-12-13,12.74,12.84,12.64,12.74,12.74,10786545
2022-12-14,12.87,12.97,12.76,12.87,12.87,3990344
2022-12-15,12.72,12.82,12.62,12.72,12.72,4693750
2022-12-16,12.78,12.88,12.68,12.78,12.78,6736838
2022-12-19,12.81,12.91,12.71,12.81,12.81,4054830
2022-12-20,13.03,13.14,12.93,13.03,13.03,5683289
2022-12-21,13.01,13.12,12.91,13.01,13.01,2692093
2022-12-22,13.11,13.22,13.01,13.11,13.11,5818975
2022-12-23,13.15,13.26,13.05,13.15,13.15,6333546
2022-12-26,13.04,13.14,12.94,13.04,13.04,24713492
2022-12-27,13.02,13.12,12.91,13.02,13.02,4743593
2022-12-28,13.05,13.16,12.95,13.05,13.05,5261211
2022-12-29,13.19,13.29,13.08,13.19,13.19,6278105
2022-12-30,12.97,13.08,12.87,12.97,12.97,4413875
2023-01-02,13.26,13.37,13.15,13.26,13.26,6613559
2023-01-03,13.04,13.15,12.94,13.04,13.04,4150735
2023-01-04,13.09,13.19,12.98,13.09,13.09,8144732
2023-01-05,13.02,13.13,12.92,13.02,13.02,3281383
2023-01-06,13.49,13.59,13.38,13.49,13.49,7737982
2023-01-09,13.39,13.5,13.28,13.39,13.39,3030687
2023-01-10,13.24,13.35,13.13,13.24,13.24,7185431
2023-01-11,13.28,13.39,13.18,13.28,13.28,8027300
2023-01-12,13.52,13.62,13.41,13.52,13.52,3344610
2023-01-13,13.36,13.47,13.25,13.36,13.36,4607892
2023-01-16,13.27,13.38,13.17,13.27,13.27,2863168
2023-01-17,13.07,13.18,12.97,13.07,13.07,12094435
2023-01-18,12.63,12.74,12.53,12.63,12.63,5381156
2023-01-19,13.04,13.15,12.94,13.04,13.04,3052066
2023-01-20,13.14,13.24,13.03,13.14,13.14,5339684
2023-01-23,13.32,13.43,13.21,13.32,13.32,5015942
2023-01-24,13.41,13.52,13.31,13.41,13.41,7426327
2023-01-25,13.53,13.64,13.42,13.53,13.53,5053378
2023-01-26,13.48,13.59,13.38,13.48,13.48,2547508
2023-01-27,13.88,13.99,13.77,13.88,13.88,6564851
2023-01-30,13.88,13.99,13.77,13.88,13.88,7036157
2023-01-31,14.29,14.41,14.18,14.29,14.29,1907906
2023-02-01,14.41,14.52,14.29,14.41,14.41,5924272
2023-02-02,14.42,14.53,14.3,14.42,14.42,6330189
2023-02-03,14.34,14.45,14.22,14.34,14.34,4872963
2023-02-06,14.33,14.45,14.22,14.33,14.33,7889143
2023-02-07,14.58,14.7,14.46,14.58,14.58,3711283
2023-02-08,14.32,14.43,14.2,14.32,14.32,3182596
2023-02-09,14.28,14.39,14.17,14.28,14.28,1963916
2023-02-10,14.51,14.62,14.39,14.51,14.51,3840308
2023-02-13,14.35,14.47,14.24,14.35,14.35,3496051
2023-02-14,14.32,14.43,14.2,14.32,14.32,5060244
2023-02-15,14.31,14.42,14.19,14.31,14.31,5511166
2023-02-16,14.06,14.17,13.95,14.06,14.06,4052537
2023-02-17,13.98,14.09,13.87,13.98,13.98,5945594
2023-02-20,13.98,14.09,13.86,13.98,13.98,5511891
2023-02-21,13.8,13.91,13.69,13.8,13.8,4169339
2023-02-22,13.82,13.93,13.71,13.82,13.82,12288325
2023-02-23,14.25,14.37,14.14,14.25,14.25,5123595
2023-02-24,13.81,13.92,13.7,13.81,13.81,4881187
2023-02-27,13.98,14.09,13.87,13.98,13.98,2686762
2023-02-28,14.15,14.27,14.04,14.15,14.15,3765118
2023-03-01,14.24,14.35,14.13,14.24,14.24,6979478
2023-03-02,14.69,14.81,14.57,14.69,14.69,4348297
2023-03-03,15.1,15.22,14.98,15.1,15.1,7549635
2023-03-06,15.19,15.31,15.07,15.19,15.19,6662717
2023-03-07,15.11,15.23,14.99,15.11,15.11,17307726
2023-03-08,15.65,15.77,15.52,15.65,15.65,5003181
2023-03-09,15.82,15.95,15.7,15.82,15.82,6690513
2023-03-10,15.86,15.98,15.73,15.86,15.86,5863064
2023-03-13,16.41,16.54,16.28,16.41,16.41,4224850
2023-03-14,16.41,16.54,16.28,16.41,16.41,5121500
2023-03-15,16.3,16.43,16.17,16.3,16.3,9519182
2023-03-16,16.3,16.43,16.17,16.3,16.3,8120009
2023-03-17,16.37,16.5,16.24,16.37,16.37,5402426
2023-03-20,15.88,16.01,15.75,15.88,15.88,5497856
2023-03-21,15.77,15.89,15.64,15.77,15.77,4753063
2023-03-22,15.55,15.68,15.43,15.55,15.55,4045010
2023-03-23,15.55,15.68,15.43,15.55,15.55,6671951
2023-03-24,15.78,15.91,15.65,15.78,15.78,4622024
2023-03-27,15.64,15.76,15.51,15.64,15.64,8766298
2023-03-28,15.83,15.96,15.71,15.83,15.83,7433506
2023-03-29,16.09,16.22,15.96,16.09,16.09,5479487
2023-03-30,15.75,15.88,15.62,15.75,15.75,5921908
2023-03-31,15.89,16.02,15.76,15.89,15.89,4637508
2023-04-03,16.12,16.25,15.99,16.12,16.12,4754151
2023-04-04,16.28,16.41,16.15,16.28,16.28,10217556
2023-04-05,16.17,16.3,16.04,16.17,16.17,3357940
2023-04-06,16.14,16.27,16.01,16.14,16.14,7113232
2023-04-07,15.86,15.99,15.74,15.86,15.86,8862401
2023-04-10,16.12,16.25,15.99,16.12,16.12,5405540
2023-04-11,16.03,16.16,15.9,16.03,16.03,7161762
2023-04-12,15.82,15.94,15.69,15.82,15.82,5736843
2023-04-13,15.91,16.04,15.78,15.91,15.91,7208754
2023-04-14,16.24,16.37,16.11,16.24,16.24,4695553
2023-04-17,16.65,16.78,16.52,16.65,16.65,3648517
2023-04-18,16.82,16.95,16.69,16.82,16.82,6576713
2023-04-19,16.42,16.55,16.29,16.42,16.42,5987691
2023-04-20,16.43,16.56,16.3,16.43,16.43,7088796
2023-04-21,16.81,16.94,16.68,16.81,16.81,9310696
2023-04-24,17.16,17.3,17.02,17.16,17.16,5932436
2023-04-25,17.18,17.32,17.05,17.18,17.18,7548927
2023-04-26,17.36,17.5,17.22,17.36,17.36,5118984
2023-04-27,17.61,17.75,17.47,17.61,17.61,2745997
2023-04-28,17.67,17.81,17.53,17.67,17.67,3569605
2023-05-01,17.81,17.96,17.67,17.81,17.81,9120783
2023-05-02,17.44,17.58,17.3,17.44,17.44,5094977
2023-05-03,17.42,17.56,17.28,17.42,17.42,6444908
2023-05-04,17.45,17.59,17.31,17.45,17.45,10440963
2023-05-05,17.4,17.54,17.26,17.4,17.4,3078937
2023-05-08,17.51,17.65,17.37,17.51,17.51,6294959
2023-05-09,17.31,17.44,17.17,17.31,17.31,5230931
2023-05-10,17.75,17.89,17.61,17.75,17.75,4462364
2023-05-11,17.8,17.94,17.66,17.8,17.8,10176165
2023-05-12,17.93,18.07,17.78,17.93,17.93,3306872
2023-05-15,18.37,18.51,18.22,18.37,18.37,3417175
2023-05-16,18.24,18.38,18.09,18.24,18.24,7960817
2023-05-17,17.79,17.93,17.65,17.79,17.79,6837773
2023-05-18,18.06,18.2,17.91,18.06,18.06,4484809
2023-05-19,18.52,18.67,18.37,18.52,18.52,6841415
2023-05-22,18.2,18.35,18.05,18.2,18.2,4115676
2023-05-23,18.16,18.3,18.01,18.16,18.16,5444230
2023-05-24,18.36,18.51,18.21,18.36,18.36,6015038
2023-05-25,18.87,19.02,18.72,18.87,18.87,2735063
2023-05-26,19.09,19.24,18.94,19.09,19.09,4324520
2023-05-29,19.01,19.16,18.86,19.01,19.01,6560203
2023-05-30,19.17,19.32,19.01,19.17,19.17,4804306
2023-05-31,19.3,19.45,19.14,19.3,19.3,3050627
2023-06-01,18.76,18.91,18.61,18.76,18.76,4632867
2023-06-02,18.69,18.84,18.54,18.69,18.69,4773261
2023-06-05,18.46,18.61,18.31,18.46,18.46,9961513
2023-06-06,19.06,19.21,18.91,19.06,19.06,4339335
2023-06-07,19.06,19.21,18.9,19.06,19.06,4405235
2023-06-08,19.3,19.45,19.15,19.3,19.3,4370030
2023-06-09,19.23,19.38,19.07,19.23,19.23,2992403
2023-06-12,18.97,19.12,18.82,18.97,18.97,5872250
2023-06-13,18.78,18.93,18.63,18.78,18.78,5601382
2023-06-14,19.03,19.18,18.88,19.03,19.03,3965087
2023-06-15,19.36,19.52,19.21,19.36,19.36,10226096
2023-06-16,19.27,19.43,19.12,19.27,19.27,6402190
2023-06-19,19.23,19.39,19.08,19.23,19.23,9230737
2023-06-20,19.05,19.2,18.9,19.05,19.05,5338342
2023-06-21,18.96,19.11,18.81,18.96,18.96,10218831
2023-06-22,18.87,19.02,18.72,18.87,18.87,9402060
2023-06-23,18.65,18.8,18.5,18.65,18.65,5050105
2023-06-26,18.8,18.95,18.65,18.8,18.8,6138533
2023-06-27,18.69,18.84,18.54,18.69,18.69,2015607
2023-06-28,18.8,18.95,18.65,18.8,18.8,6104256
2023-06-29,18.52,18.67,18.37,18.52,18.52,4895797
2023-06-30,18.88,19.03,18.73,18.88,18.88,4134648
2023-07-03,18.57,18.72,18.43,18.57,18.57,5303206
2023-07-04,18.35,18.49,18.2,18.35,18.35,8114237
2023-07-05,18.15,18.29,18.0,18.15,18.15,3967237
2023-07-06,17.81,17.95,17.67,17.81,17.81,5669422
2023-07-07,17.27,17.41,17.13,17.27,17.27,3640072
2023-07-10,17.01,17.15,16.88,17.01,17.01,3958661
2023-07-11,17.32,17.46,17.18,17.32,17.32,3651388
2023-07-12,16.88,17.01,16.74,16.88,16.88,3663364
2023-07-13,17.16,17.3,17.02,17.16,17.16,5627095
2023-07-14,16.97,17.11,16.84,16.97,16.97,1669420
2023-07-17,17.29,17.43,17.16,17.29,17.29,3664996
2023-07-18,17.18,17.31,17.04,17.18,17.18,4366126
2023-07-19,17.22,17.36,17.09,17.22,17.22,5258505
2023-07-20,17.02,17.15,16.88,17.02,17.02,5416246
2023-07-21,16.68,16.81,16.54,16.68,16.68,7393015
2023-07-24,16.42,16.56,16.29,16.42,16.42,6632431
2023-07-25,16.52,16.65,16.39,16.52,16.52,6188248
2023-07-26,17.2,17.34,17.06,17.2,17.2,3737466
2023-07-27,17.17,17.31,17.03,17.17,17.17,4901832
2023-07-28,17.29,17.43,17.15,17.29,17.29,3896541
2023-07-31,17.65,17.79,17.51,17.65,17.65,7977461
2023-08-01,17.76,17.91,17.62,17.76,17.76,4576415
2023-08-02,18.03,18.17,17.88,18.03,18.03,6613685
2023-08-03,17.7,17.84,17.55,17.7,17.7,4493638
2023-08-04,17.48,17.62,17.34,17.48,17.48,4352840
2023-08-07,17.85,17.99,17.71,17.85,17.85,4612862
2023-08-08,18.14,18.28,17.99,18.14,18.14,4749247
2023-08-09,18.19,18.34,18.05,18.19,18.19,7403980
2023-08-10,18.29,18.44,18.15,18.29,18.29,6353129
2023-08-11,18.4,18.55,18.25,18.4,18.4,6275167
2023-08-14,17.97,18.11,17.83,17.97,17.97,2680096
2023-08-15,17.89,18.03,17.74,17.89,17.89,5354726
2023-08-16,18.02,18.16,17.88,18.02,18.02,4634788
2023-08-17,18.56,18.7,18.41,18.56,18.56,7412238
2023-08-18,18.47,18.61,18.32,18.47,18.47,6808972
2023-08-21,18.6,18.75,18.45,18.6,18.6,4693814
2023-08-22,18.47,18.62,18.32,18.47,18.47,5329030
2023-08-23,18.25,18.4,18.1,18.25,18.25,5357449
2023-08-24,18.83,18.98,18.68,18.83,18.83,2451813
2023-08-25,18.59,18.73,18.44,18.59,18.59,5937719
2023-08-28,18.92,19.08,18.77,18.92,18.92,5364590
2023-08-29,18.65,18.8,18.5,18.65,18.65,4104030
2023-08-30,18.98,19.13,18.83,18.98,18.98,6639119
2023-08-31,19.29,19.44,19.13,19.29,19.29,9659599
2023-09-01,19.36,19.51,19.2,19.36,19.36,5615199
2023-09-04,19.57,19.73,19.42,19.57,19.57,9153948
2023-09-05,19.69,19.85,19.54,19.69,19.69,7665246
2023-09-06,19.67,19.82,19.51,19.67,19.67,5984035
2023-09-07,19.67,19.83,19.51,19.67,19.67,9066877
2023-09-08,19.61,19.77,19.46,19.61,19.61,5981063
2023-09-11,19.54,19.7,19.38,19.54,19.54,3523095
2023-09-12,19.61,19.77,19.45,19.61,19.61,5782134
2023-09-13,19.66,19.81,19.5,19.66,19.66,5382842
2023-09-14,19.56,19.72,19.4,19.56,19.56,3889950
2023-09-15,19.98,20.14,19.82,19.98,19.98,2821816
2023-09-18,19.88,20.04,19.72,19.88,19.88,6061259
2023-09-19,19.93,20.09,19.77,19.93,19.93,10562530
2023-09-20,20.06,20.22,19.9,20.06,20.06,4102366
2023-09-21,20.2,20.36,20.04,20.2,20.2,10178078
2023-09-22,20.73,20.9,20.57,20.73,20.73,6993666
2023-09-25,20.6,20.76,20.43,20.6,20.6,3871161
2023-09-26,20.12,20.28,19.96,20.12,20.12,4266480
2023-09-27,20.68,20.84,20.51,20.68,20.68,9517640
2023-09-28,21.06,21.23,20.89,21.06,21.06,1710453
2023-09-29,21.09,21.26,20.93,21.09,21.09,7502609
2023-10-02,20.99,21.16,20.82,20.99,20.99,4876931
2023-10-03,20.9,21.07,20.74,20.9,20.9,4141358
2023-10-04,21.19,21.36,21.02,21.19,21.19,4381478
2023-10-05,21.15,21.32,20.98,21.15,21.15,4386349
2023-10-06,20.65,20.82,20.49,20.65,20.65,3924584
2023-10-09,21.11,21.28,20.94,21.11,21.11,4280923
2023-10-10,21.64,21.82,21.47,21.64,21.64,5603659
2023-10-11,21.6,21.77,21.42,21.6,21.6,4155158
2023-10-12,21.12,21.29,20.95,21.12,21.12,3211030
2023-10-13,21.25,21.42,21.08,21.25,21.25,7104111
2023-10-16,21.47,21.64,21.29,21.47,21.47,6689547
2023-10-17,21.93,22.1,21.75,21.93,21.93,7151442
2023-10-18,22.35,22.53,22.17,22.35,22.35,7513051
2023-10-19,22.88,23.07,22.7,22.88,22.88,7127115
2023-10-20,22.94,23.12,22.75,22.94,22.94,3160515
2023-10-23,23.02,23.21,22.84,23.02,23.02,7670287
2023-10-24,22.72,22.9,22.54,22.72,22.72,9764207
2023-10-25,23.68,23.87,23.49,23.68,23.68,10616769
2023-10-26,24.19,24.39,24.0,24.19,24.19,3588510
2023-10-27,24.44,24.64,24.25,24.44,24.44,16050609
2023-10-30,23.96,24.15,23.77,23.96,23.96,4043760
2023-10-31,24.25,24.45,24.06,24.25,24.25,4333336
2023-11-01,24.48,24.68,24.28,24.48,24.48,4453514
2023-11-02,24.91,25.11,24.71,24.91,24.91,2807349
2023-11-03,25.28,25.48,25.08,25.28,25.28,6756536
2023-11-06,25.66,25.86,25.45,25.66,25.66,5153848
2023-11-07,24.96,25.16,24.76,24.96,24.96,7197292
2023-11-08,25.24,25.45,25.04,25.24,25.24,7564300
2023-11-09,25.79,26.0,25.59,25.79,25.79,4482340
2023-11-10,25.82,26.03,25.62,25.82,25.82,4485506
2023-11-13,25.74,25.95,25.54,25.74,25.74,10692249
2023-11-14,25.14,25.34,24.94,25.14,25.14,3908888
2023-11-15,25.38,25.59,25.18,25.38,25.38,3998475
2023-11-16,25.61,25.82,25.41,25.61,25.61,3615012
2023-11-17,25.42,25.62,25.21,25.42,25.42,5584816
2023-11-20,25.0,25.2,24.8,25.0,25.0,4215469
2023-11-21,24.65,24.85,24.46,24.65,24.65,6959440
2023-11-22,25.5,25.71,25.3,25.5,25.5,2339346
2023-11-23,25.38,25.58,25.17,25.38,25.38,2914107
2023-11-24,25.55,25.76,25.35,25.55,25.55,3470245
2023-11-27,26.18,26.39,25.97,26.18,26.18,5949812
2023-11-28,25.98,26.19,25.77,25.98,25.98,9036747
2023-11-29,25.95,26.15,25.74,25.95,25.95,5597256
2023-11-30,25.64,25.84,25.43,25.64,25.64,4927556
2023-12-01,25.04,25.24,24.84,25.04,25.04,8428039
2023-12-04,24.98,25.18,24.78,24.98,24.98,3562762
2023-12-05,25.58,25.79,25.38,25.58,25.58,3792441
2023-12-06,25.52,25.73,25.32,25.52,25.52,5354800
2023-12-07,25.67,25.88,25.47,25.67,25.67,5491740
2023-12-08,25.57,25.78,25.37,25.57,25.57,3714660
2023-12-11,25.45,25.65,25.25,25.45,25.45,4030208
2023-12-12,25.0,25.2,24.8,25.0,25.0,3044605
2023-12-13,24.63,24.83,24.43,24.63,24.63,9508906
2023-12-14,24.91,25.11,24.71,24.91,24.91,2309858
2023-12-15,24.72,24.91,24.52,24.72,24.72,8005127
2023-12-18,25.23,25.43,25.03,25.23,25.23,4176581
2023-12-19,25.29,25.49,25.09,25.29,25.29,5409801
2023-12-20,25.5,25.71,25.3,25.5,25.5,3109502
2023-12-21,25.57,25.78,25.37,25.57,25.57,3775125
2023-12-22,25.29,25.49,25.09,25.29,25.29,7522407
2023-12-25,25.28,25.48,25.08,25.28,25.28,3765330
2023-12-26,25.31,25.51,25.11,25.31,25.31,6160178
2023-12-27,25.49,25.69,25.28,25.49,25.49,10233189
2023-12-28,26.22,26.43,26.01,26.22,26.22,5829903
2023-12-29,26.44,26.65,26.23,26.44,26.44,4334283
2024-01-01,26.58,26.8,26.37,26.58,26.58,2943861
2024-01-02,26.32,26.53,26.11,26.32,26.32,5424184
2024-01-03,26.18,26.39,25.97,26.18,26.18,4520409
2024-01-04,26.13,26.34,25.92,26.13,26.13,5869921
2024-01-05,25.89,26.1,25.69,25.89,25.89,5067039
2024-01-08,25.77,25.97,25.56,25.77,25.77,3013170
2024-01-09,26.38,26.59,26.17,26.38,26.38,7146467
2024-01-10,26.2,26.41,25.99,26.2,26.2,6875053
2024-01-11,27.940000534057617,30.0,26.280000686645508,26.6299991607666,26.6299991607666,37657300
2024-01-12,26.399999618530277,26.40999984741211,24.75,24.96999931335449,24.96999931335449,22991900
2024-01-16,24.700000762939453,24.86199951171875,24.040000915527344,24.71999931335449,24.71999931335449,15078200
2024-01-17,24.350000381469727,24.559999465942383,24.149999618530277,24.40999984741211,24.40999984741211,13964500
2024-01-18,24.350000381469727,24.46999931335449,23.200000762939453,23.34000015258789,23.34000015258789,17823200
2024-01-19,23.489999771118164,24.1200008392334,23.030000686645508,23.799999237060547,23.799999237060547,18284100
2024-01-22,23.200000762939453,23.32999992370605,22.5,22.950000762939453,22.950000762939453,17222100
2024-01-23,22.190000534057617,22.6299991607666,22.020000457763672,22.31999969482422,22.31999969482422,13431700
2024-01-24,22.81999969482422,22.96999931335449,22.56999969482422,22.600000381469727,22.600000381469727,11929100
2024-01-25,22.86000061035156,22.899999618530277,22.57999992370605,22.76000022888184,22.76000022888184,8954900
2024-01-26,23.520000457763672,24.1200008392334,23.479999542236328,23.989999771118164,23.989999771118164,20273800
2024-01-29,23.989999771118164,24.770000457763672,23.8799991607666,24.670000076293945,24.670000076293945,19012900
2024-01-30,24.84000015258789,24.979999542236328,24.684999465942383,24.8799991607666,24.8799991607666,15541300
2024-01-31,24.3799991607666,25.0,24.26000022888184,24.299999237060547,24.299999237060547,13369300
2024-02-01,24.209999084472656,24.71999931335449,24.190000534057617,24.540000915527344,24.540000915527344,12411400
2024-02-02,24.38999938964844,24.825000762939453,24.3799991607666,24.5,24.5,10329000
2024-02-05,24.75,24.790000915527344,24.1299991607666,24.190000534057617,24.190000534057617,6807500
2024-02-06,24.46999931335449,24.770000457763672,24.450000762939453,24.600000381469727,24.600000381469727,7352900
2024-02-07,24.65999984741211,25.285999298095703,24.489999771118164,25.21999931335449,25.21999931335449,13952200
2024-02-08,25.7549991607666,26.07999992370605,25.63999938964844,26.030000686645508,26.030000686645508,18568500
2024-02-09,26.850000381469727,27.56999969482422,26.75,27.149999618530277,27.149999618530277,20742800
2024-02-12,27.530000686645508,28.86000061035156,27.51499938964844,28.65999984741211,28.65999984741211,35138600
2024-02-13,27.96999931335449,28.280000686645508,27.6200008392334,28.21999931335449,28.21999931335449,20913600
2024-02-14,29.57999992370605,29.825000762939453,29.239999771118164,29.549999237060547,29.549999237060547,28134500
2024-02-15,29.9950008392334,30.229999542236328,29.479999542236328,29.520000457763672,29.520000457763672,22844700
2024-02-16,29.857999801635746,29.96999931335449,29.489999771118164,29.6200008392334,29.6200008392334,15976500
2024-02-20,29.8799991607666,29.920000076293945,28.96999931335449,29.670000076293945,29.670000076293945,21166400
2024-02-21,29.05500030517578,29.350000381469727,28.90999984741211,29.07999992370605,29.07999992370605,17664400
2024-02-22,29.170000076293945,29.76000022888184,29.13500022888184,29.71999931335449,29.71999931335449,15468400
2024-02-23,29.26000022888184,29.309999465942383,28.90999984741211,29.15999984741211,29.15999984741211,13285800
2024-02-26,29.34000015258789,31.43000030517578,29.32999992370605,31.1200008392334,31.1200008392334,42806400
2024-02-27,32.529998779296875,32.959999084472656,32.16999816894531,32.59000015258789,32.59000015258789,42006400
2024-02-28,34.40999984741211,36.869998931884766,33.79999923706055,34.45000076293945,34.45000076293945,96833400
2024-02-29,36.20500183105469,36.380001068115234,34.470001220703125,35.41999816894531,35.41999816894531,53837500
2024-03-01,35.650001525878906,36.16999816894531,34.93000030517578,35.9900016784668,35.9900016784668,35133600
2024-03-04,37.41999816894531,38.88999938964844,37.400001525878906,38.650001525878906,38.650001525878906,63439000
2024-03-05,38.665000915527344,39.68999862670898,34.029998779296875,35.31999969482422,35.31999969482422,107143600
2024-03-06,38.15999984741211,38.595001220703125,37.29499816894531,38.290000915527344,38.290000915527344,45934300
2024-03-07,38.5,38.93999862670898,38.08000183105469,38.630001068115234,38.630001068115234,41450800
2024-03-08,38.935001373291016,40.20000076293945,37.77000045776367,39.54999923706055,39.54999923706055,89934000
2024-03-11,41.310001373291016,41.650001525878906,40.7400016784668,41.119998931884766,41.119998931884766,74430400
2024-03-12,41.27999877929688,41.79999923706055,39.209999084472656,40.72999954223633,40.72999954223633,98022800
2024-03-13,41.52000045776367,41.9900016784668,40.93000030517578,41.95000076293945,41.95000076293945,59347000
2024-03-14,41.459999084472656,41.52999877929688,39.0099983215332,39.5099983215332,39.5099983215332,99521100
2024-03-15,38.68999862670898,40.32400131225586,38.43999862670898,39.38999938964844,39.38999938964844,68768300
2024-03-18,38.810001373291016,39.130001068115234,37.93000030517578,38.13999938964844,38.13999938964844,53201600
2024-03-19,36.34999847412109,37.52999877929688,35.4900016784668,36.70000076293945,36.70000076293945,69685200
2024-03-20,36.18000030517578,37.68999862670898,35.40999984741211,37.54999923706055,37.54999923706055,71309300
2024-03-21,38.60499954223633,38.61000061035156,37.0,37.150001525878906,37.150001525878906,47085900
2024-03-22,36.59999847412109,36.68999862670898,35.70500183105469,36.40999984741211,36.40999984741211,39957400
2024-03-25,38.20000076293945,40.619998931884766,38.19499969482422,40.54999923706055,40.54999923706055,64562000
2024-03-26,40.45000076293945,40.5099983215332,39.540000915527344,39.630001068115234,39.630001068115234,44351400
2024-03-27,40.90999984741211,40.970001220703125,39.01499938964844,39.130001068115234,39.130001068115234,46746900
2024-03-28,40.560001373291016,40.959999084472656,40.21500015258789,40.470001220703125,40.470001220703125,44620800
2024-04-01,39.9900016784668,40.02999877929688,38.834999084472656,39.75,39.75,34652000
2024-04-02,37.02000045776367,37.84000015258789,36.79999923706055,37.59999847412109,37.59999847412109,34073400
2024-04-03,37.5,38.20000076293945,37.369998931884766,37.540000915527344,37.540000915527344,29387400
2024-04-04,38.40999984741211,39.61000061035156,38.290000915527344,39.08000183105469,39.08000183105469,44185500
2024-04-05,38.15999984741211,39.15499877929688,38.11000061035156,38.40999984741211,38.40999984741211,28670500
2024-04-08,41.150001525878906,41.20000076293945,40.61000061035156,40.95000076293945,40.95000076293945,40056700
2024-04-09,40.290000915527344,40.5,38.900001525878906,39.33000183105469,39.33000183105469,35513700
2024-04-10,38.58000183105469,40.0,38.459999084472656,40.0,40.0,38908000
2024-04-11,40.34999847412109,40.45399856567383,39.65499877929688,40.16999816894531,40.16999816894531,27725500
2024-04-12,40.0,40.09999847412109,37.16999816894531,38.13999938964844,38.13999938964844,57221400
2024-04-15,37.77999877929688,37.95000076293945,35.540000915527344,36.08000183105469,36.08000183105469,46360300
2024-04-16,36.040000915527344,36.130001068115234,35.15999984741211,35.75,35.75,35341700
2024-04-17,35.56999969482422,35.91999816894531,33.9900016784668,34.7599983215332,34.7599983215332,52597900
2024-04-18,35.58000183105469,36.61000061035156,35.279998779296875,36.209999084472656,36.209999084472656,35544200
2024-04-19,36.95000076293945,37.150001525878906,36.2400016784668,36.66999816894531,36.66999816894531,34806700
2024-04-22,37.66999816894531,38.150001525878906,37.45000076293945,37.93000030517578,37.93000030517578,29881100
2024-04-23,37.709999084472656,38.310001373291016,37.68999862670898,37.900001525878906,37.900001525878906,17572300
2024-04-24,37.630001068115234,37.83000183105469,36.290000915527344,36.40999984741211,36.40999984741211,32178000
2024-04-25,35.939998626708984,36.9900016784668,35.790000915527344,36.86000061035156,36.86000061035156,25317100
2024-04-26,36.34999847412109,36.922000885009766,36.060001373291016,36.31999969482422,36.31999969482422,20226000
2024-04-29,35.59000015258789,36.0,35.13999938964844,35.869998931884766,35.869998931884766,21694900
2024-04-30,34.810001373291016,35.0099983215332,33.540000915527344,33.56999969482422,33.56999969482422,41584300
2024-05-01,32.81999969482422,33.83000183105469,32.20000076293945,32.38999938964844,32.38999938964844,45405600
2024-05-02,33.45000076293945,33.96500015258789,33.15999984741211,33.79999923706055,33.79999923706055,23146300
2024-05-03,34.900001525878906,35.5,34.85499954223633,35.400001525878906,35.400001525878906,26368300
2024-05-06,36.2400016784668,36.61000061035156,35.737998962402344,36.0099983215332,36.0099983215332,27166600
2024-05-07,36.209999084472656,36.68899917602539,35.779998779296875,35.93000030517578,35.93000030517578,14753300
2024-05-08,35.34000015258789,35.790000915527344,35.16999816894531,35.380001068115234,35.380001068115234,14277700
2024-05-09,34.939998626708984,35.75,34.65999984741211,35.58000183105469,35.58000183105469,16930100
2024-05-10,35.79999923706055,35.994998931884766,34.2599983215332,34.58000183105469,34.58000183105469,28986000
2024-05-13,35.779998779296875,36.18999862670898,35.650001525878906,36.0,36.0,17204900
2024-05-14,35.34000015258789,35.494998931884766,34.79999923706055,35.06999969482422,35.06999969482422,13742700
2024-05-15,36.66999816894531,37.93000030517578,36.459999084472656,37.66999816894531,37.66999816894531,40518600
2024-05-16,37.6349983215332,37.90999984741211,36.82099914550781,37.150001525878906,37.150001525878906,22092100
2024-05-17,37.84000015258789,38.540000915527344,37.540000915527344,38.27999877929688,38.27999877929688,25516900
2024-05-20,38.209999084472656,40.04999923706055,38.06999969482422,39.970001220703125,39.970001220703125,32788600
2024-05-21,40.46500015258789,40.66999816894531,39.40499877929688,39.470001220703125,39.470001220703125,29875200
2024-05-22,39.77000045776367,40.33000183105469,39.44499969482422,39.709999084472656,39.709999084472656,20566800
2024-05-23,39.5099983215332,39.57500076293945,38.0099983215332,38.27000045776367,38.27000045776367,23933800
2024-05-24,38.43000030517578,39.59000015258789,38.15999984741211,39.459999084472656,39.459999084472656,19910900
2024-05-28,38.97999954223633,39.09999847412109,38.30500030517578,38.97999954223633,38.97999954223633,19703200
2024-05-29,38.65999984741211,38.7400016784668,38.2400016784668,38.31999969482422,38.31999969482422,14675500
2024-05-30,38.875,39.68999862670898,38.78499984741211,39.15999984741211,39.15999984741211,25868100
2024-05-31,39.16999816894531,39.22999954223633,37.91999816894531,38.54999923706055,38.54999923706055,23144700
2024-06-03,39.77999877929688,40.119998931884766,39.09000015258789,39.43999862670898,39.43999862670898,27654000
2024-06-04,39.59000015258789,40.59000015258789,39.470001220703125,40.16999816894531,40.16999816894531,40569500
2024-06-05,40.58000183105469,41.0,40.11100006103516,40.66999816894531,40.66999816894531,30997600
2024-06-06,40.58000183105469,40.88999938964844,40.13999938964844,40.15999984741211,40.15999984741211,20193000
2024-06-07,40.68999862670898,40.88999938964844,38.88999938964844,39.41999816894531,39.41999816894531,35710300
2024-06-10,39.46500015258789,40.02000045776367,39.400001525878906,39.59000015258789,39.59000015258789,15645900
2024-06-11,38.290000915527344,38.53499984741211,37.619998931884766,38.43000030517578,38.43000030517578,29402900
2024-06-12,39.4900016784668,39.959999084472656,38.29999923706055,38.45000076293945,38.45000076293945,27518600
2024-06-13,38.77999877929688,38.935001373291016,37.68000030517578,37.900001525878906,37.900001525878906,24858500
2024-06-14,38.36000061035156,38.38999938964844,37.025001525878906,37.29999923706055,37.29999923706055,22309000
2024-06-17,37.3849983215332,38.34000015258789,37.02000045776367,37.97999954223633,37.97999954223633,17785600
2024-06-18,36.94900131225586,37.22999954223633,36.43999862670898,36.63999938964844,36.63999938964844,25778200
2024-06-20,37.220001220703125,37.310001373291016,36.72999954223633,37.040000915527344,37.040000915527344,15271100
2024-06-21,36.209999084472656,36.67499923706055,36.060001373291016,36.58000183105469,36.58000183105469,20912400
2024-06-24,34.869998931884766,35.13999938964844,33.58000183105469,33.76499938964844,33.76499938964844,46597000
2024-06-25,34.8849983215332,35.564998626708984,34.72999954223633,35.29999923706055,35.29999923706055,31208500
2024-06-26,35.029998779296875,35.33000183105469,34.560001373291016,34.709999084472656,34.709999084472656,13026600
2024-06-27,35.08000183105469,35.560001373291016,34.935001373291016,34.97999954223633,34.97999954223633,14788800
2024-06-28,35.029998779296875,35.224998474121094,34.099998474121094,34.13999938964844,34.13999938964844,18313100
2024-07-01,35.81999969482422,36.40499877929688,35.58000183105469,36.0,36.0,18509900
2024-07-02,35.81999969482422,35.974998474121094,35.150001525878906,35.220001220703125,35.220001220703125,13772200
2024-07-03,34.349998474121094,34.599998474121094,34.11000061035156,34.439998626708984,34.439998626708984,12793300
2024-07-05,31.674999237060547,32.53799819946289,31.56999969482422,32.20000076293945,32.20000076293945,47018300
2024-07-08,32.599998474121094,32.720001220703125,31.34000015258789,32.15999984741211,32.15999984741211,28999100
2024-07-09,32.619998931884766,33.23500061035156,32.441001892089844,32.959999084472656,32.959999084472656,17924500
2024-07-10,33.060001373291016,33.09000015258789,32.66999816894531,32.66999816894531,32.66999816894531,17248800
2024-07-11,33.52000045776367,33.63999938964844,32.56999969482422,32.70000076293945,32.70000076293945,21952200
2024-07-12,32.79999923706055,33.40999984741211,32.77199935913086,32.849998474121094,32.849998474121094,16921000
2024-07-15,35.790000915527344,36.470001220703125,35.61000061035156,36.150001525878906,36.150001525878906,34245900
2024-07-16,36.42499923706055,37.220001220703125,35.970001220703125,37.16999816894531,37.16999816894531,27810500
2024-07-17,36.869998931884766,37.29999923706055,36.38999938964844,36.84000015258789,36.84000015258789,32704100
2024-07-18,36.994998931884766,37.06999969482422,36.02999877929688,36.220001220703125,36.220001220703125,22725800
2024-07-19,36.560001373291016,38.52999877929688,36.5,38.400001525878906,38.400001525878906,46756100
2024-07-22,38.560001373291016,38.959999084472656,37.95000076293945,38.93000030517578,38.93000030517578,24116200
2024-07-23,37.95000076293945,38.400001525878906,37.27299880981445,37.34000015258789,37.34000015258789,35482200
2024-07-24,37.9900016784668,38.27999877929688,37.36000061035156,37.41999816894531,37.41999816894531,23403000
2024-07-25,36.619998931884766,37.150001525878906,36.09000015258789,36.83000183105469,36.83000183105469,21928800
2024-07-26,38.459999084472656,38.88999938964844,38.130001068115234,38.790000915527344,38.790000915527344,28993200
2024-07-29,39.72999954223633,39.744998931884766,37.83000183105469,38.34000015258789,38.34000015258789,38158700
2024-07-30,37.97999954223633,38.13999938964844,37.31999969482422,37.54999923706055,37.54999923706055,19556000
2024-07-31,37.869998931884766,38.09000015258789,36.994998931884766,37.18000030517578,37.18000030517578,20533000
2024-08-01,36.79999923706055,36.97999954223633,35.43000030517578,36.06999969482422,36.06999969482422,37068100
2024-08-02,36.93000030517578,37.31999969482422,35.4900016784668,35.61000061035156,35.61000061035156,35706100
2024-08-05,28.350000381469727,31.65999984741211,28.229999542236328,30.479999542236328,30.479999542236328,97633000
2024-08-06,31.43000030517578,32.53499984741211,31.0,32.34000015258789,32.34000015258789,39663800
2024-08-07,32.650001525878906,32.790000915527344,31.1200008392334,31.190000534057617,31.190000534057617,24351500
2024-08-08,32.90999984741211,34.13999938964844,32.29999923706055,33.880001068115234,33.880001068115234,32889400
2024-08-09,34.40999984741211,34.834999084472656,33.93000030517578,34.599998474121094,34.599998474121094,18872700
2024-08-12,33.93000030517578,34.599998474121094,32.94499969482422,33.63999938964844,33.63999938964844,20819200
2024-08-13,33.56999969482422,35.125,33.540000915527344,34.63999938964844,34.63999938964844,20186000
2024-08-14,34.6349983215332,34.7400016784668,33.43000030517578,33.560001373291016,33.560001373291016,19032500
2024-08-15,33.720001220703125,34.119998931884766,32.290000915527344,32.5,32.5,29136100
2024-08-16,33.36000061035156,34.13600158691406,32.849998474121094,34.029998779296875,34.029998779296875,22686500
2024-08-19,33.470001220703125,33.79499816894531,33.099998474121094,33.619998931884766,33.619998931884766,13480200
2024-08-20,34.52000045776367,34.77000045776367,33.349998474121094,33.91999816894531,33.91999816894531,21676600
2024-08-21,33.880001068115234,35.14500045776367,33.529998779296875,35.130001068115234,35.130001068115234,22993900
2024-08-22,34.65999984741211,34.73500061035156,34.2400016784668,34.349998474121094,34.349998474121094,15825100
2024-08-23,34.80500030517578,36.43999862670898,34.63999938964844,36.27999877929688,36.27999877929688,51673300
2024-08-26,36.34000015258789,36.415000915527344,35.91999816894531,36.09000015258789,36.09000015258789,19479700
2024-08-27,35.560001373291016,35.58700180053711,34.9900016784668,35.380001068115234,35.380001068115234,19488600
2024-08-28,34.099998474121094,34.20000076293945,32.93000030517578,33.52000045776367,33.52000045776367,36007400
2024-08-29,34.29999923706055,34.82500076293945,33.52000045776367,33.689998626708984,33.689998626708984,22692500
2024-08-30,33.900001525878906,34.06999969482422,32.84000015258789,33.369998931884766,33.369998931884766,22832300
2024-09-03,33.63999938964844,33.650001525878906,32.70000076293945,32.97999954223633,32.97999954223633,23729700
2024-09-04,32.099998474121094,33.30799865722656,31.920000076293945,33.040000915527344,33.040000915527344,19751900
2024-09-05,32.22999954223633,32.599998474121094,31.709999084472656,31.850000381469727,31.850000381469727,20575400
2024-09-06,32.28499984741211,32.380001068115234,30.239999771118164,30.40999984741211,30.40999984741211,40486800
2024-09-09,31.520000457763672,32.58000183105469,31.173999786376957,32.5099983215332,32.5099983215332,24533700
2024-09-10,32.40999984741211,33.060001373291016,32.150001525878906,33.0,33.0,12648700
2024-09-11,32.33000183105469,33.01499938964844,31.57999992370605,32.79999923706055,32.79999923706055,20530600
2024-09-12,32.869998931884766,33.349998474121094,32.61000061035156,33.25,33.25,15834000
2024-09-13,32.880001068115234,34.224998474121094,32.79999923706055,34.040000915527344,34.040000915527344,33125000
2024-09-16,33.310001373291016,33.33000183105469,32.689998626708984,32.97999954223633,32.97999954223633,20931200
2024-09-17,33.7599983215332,34.970001220703125,33.52000045776367,34.099998474121094,34.099998474121094,39849900
2024-09-18,34.08000183105469,34.93000030517578,33.65999984741211,34.150001525878906,34.150001525878906,28844900
2024-09-19,36.02999877929688,36.39599990844727,35.665000915527344,36.0099983215332,36.0099983215332,25199400
2024-09-20,35.849998474121094,36.19599914550781,35.51499938964844,35.79999923706055,35.79999923706055,15938400
2024-09-23,36.060001373291016,36.35499954223633,35.88999938964844,36.040000915527344,36.040000915527344,17294800
2024-09-24,36.13999938964844,36.68999862670898,35.689998626708984,36.63999938964844,36.63999938964844,19764100
2024-09-25,36.150001525878906,36.45000076293945,35.83000183105469,35.970001220703125,35.970001220703125,13547100
2024-09-26,36.65499877929688,37.52999877929688,36.52000045776367,36.84000015258789,36.84000015258789,41457100
2024-09-27,37.41999816894531,37.93999862670898,37.244998931884766,37.38999938964844,37.38999938964844,28884500
2024-09-30,36.41999816894531,36.4900016784668,35.86000061035156,36.130001068115234,36.130001068115234,23334200
2024-10-01,36.06999969482422,36.09999847412109,34.689998626708984,35.130001068115234,35.130001068115234,43920500
2024-10-02,34.630001068115234,35.5099983215332,34.1349983215332,34.2400016784668,34.2400016784668,29353600
2024-10-03,34.400001525878906,34.75,34.060001373291016,34.720001220703125,34.720001220703125,18482500
2024-10-04,35.040000915527344,35.599998474121094,34.57500076293945,35.52000045776367,35.52000045776367,22625700
2024-10-07,35.90999984741211,36.72999954223633,35.689998626708984,36.060001373291016,36.060001373291016,21124100
2024-10-08,35.630001068115234,35.9900016784668,35.15999984741211,35.400001525878906,35.400001525878906,25203200
2024-10-09,35.209999084472656,35.494998931884766,34.560001373291016,34.68000030517578,34.68000030517578,18244000
2024-10-10,34.7599983215332,34.7599983215332,33.46500015258789,33.95000076293945,33.95000076293945,25996500
2024-10-11,34.939998626708984,36.14500045776367,34.939998626708984,35.939998626708984,35.939998626708984,33399400
2024-10-14,36.869998931884766,37.81499862670898,36.81999969482422,37.56999969482422,37.56999969482422,44553100
2024-10-15,37.52999877929688,38.744998931884766,36.875,38.16999816894531,38.16999816894531,53539000
2024-10-16,38.65999984741211,38.93000030517578,38.2400016784668,38.58000183105469,38.58000183105469,26627500
2024-10-17,38.15999984741211,38.540000915527344,37.93999862670898,38.04999923706055,38.04999923706055,19655500
2024-10-18,38.61000061035156,39.369998931884766,38.560001373291016,39.06999969482422,39.06999969482422,39820500
2024-10-21,38.63999938964844,38.66999816894531,38.02000045776367,38.56999969482422,38.56999969482422,28773400
2024-10-22,38.18000030517578,38.54999923706055,37.89099884033203,38.40999984741211,38.40999984741211,23972900
2024-10-23,37.86000061035156,38.08000183105469,37.09000015258789,37.810001373291016,37.810001373291016,25771200
2024-10-24,38.470001220703125,38.91999816894531,38.29999923706055,38.869998931884766,38.869998931884766,27015500
2024-10-25,38.720001220703125,39.20000076293945,37.470001220703125,38.0099983215332,38.0099983215332,51745600
2024-10-28,39.25,39.84000015258789,38.95000076293945,39.66999816894531,39.66999816894531,54652300
2024-10-29,40.560001373291016,41.959999084472656,40.36000061035156,41.33000183105469,41.33000183105469,81566300
2024-10-30,40.880001068115234,41.27999877929688,40.62200164794922,40.880001068115234,40.880001068115234,32004700
2024-10-31,40.97999954223633,41.0099983215332,39.72499847412109,39.77999877929688,39.77999877929688,48039800
2024-11-01,39.92499923706055,40.79800033569336,39.09999847412109,39.369998931884766,39.369998931884766,49930200
2024-11-04,39.02999877929688,39.119998931884766,38.16999816894531,38.25,38.25,36048900
2024-11-05,39.43000030517578,40.130001068115234,39.11000061035156,39.5099983215332,39.5099983215332,36660400
2024-11-06,42.31999969482422,43.630001068115234,41.86000061035156,43.400001525878906,43.400001525878906,97138100
2024-11-07,42.709999084472656,43.84000015258789,42.470001220703125,43.59999847412109,43.59999847412109,40670200
2024-11-08,43.43999862670898,44.09000015258789,43.09999847412109,43.68999862670898,43.68999862670898,44183700
2024-11-11,46.65999984741211,49.88999938964844,46.52999877929688,49.56999969482422,49.56999969482422,96319200
2024-11-12,49.02000045776367,51.2599983215332,48.51499938964844,51.04999923706055,51.04999923706055,77294900
2024-11-13,51.2400016784668,53.255001068115234,50.86000061035156,51.040000915527344,51.040000915527344,103319300
2024-11-14,51.9900016784668,52.29999923706055,49.70000076293945,49.72999954223633,49.72999954223633,60782800
2024-11-15,50.84000015258789,52.16999816894531,49.92499923706055,52.130001068115234,52.130001068115234,46939400
2024-11-18,51.5,52.80500030517578,51.040000915527344,52.130001068115234,52.130001068115234,61022200
2024-11-19,52.15999984741211,53.65999984741211,51.90999984741211,52.70000076293945,52.70000076293945,80884000
2024-11-20,53.880001068115234,54.16999816894531,53.060001373291016,53.720001220703125,53.720001220703125,70154500
2024-11-21,55.40999984741211,56.505001068115234,54.40999984741211,55.900001525878906,55.900001525878906,93957600
2024-11-22,55.63999938964844,56.86000061035156,55.310001373291016,56.4900016784668,56.4900016784668,66020400
2024-11-25,55.40999984741211,55.4900016784668,53.66999816894531,54.02000045776367,54.02000045776367,69396700
2024-11-26,52.43999862670898,53.994998931884766,51.540000915527344,51.70000076293945,51.70000076293945,67423300
2024-11-27,53.83000183105469,55.4900016784668,53.65999984741211,55.02999877929688,55.02999877929688,61783500
2024-11-29,55.47999954223633,56.36000061035156,55.209999084472656,55.209999084472656,55.209999084472656,30337300
2024-12-02,54.65999984741211,55.54499816894531,53.75,54.47999954223633,54.47999954223633,52619400
2024-12-03,53.619998931884766,54.93999862670898,53.28300094604492,54.459999084472656,54.459999084472656,39000400
2024-12-04,54.61000061035156,56.61000061035156,53.900001525878906,56.41999816894531,56.41999816894531,58655300
2024-12-05,58.595001220703125,59.15999984741211,55.70000076293945,56.400001525878906,56.400001525878906,89447600
2024-12-06,56.59999847412109,58.209999084472656,56.18000030517578,57.79999923706055,57.79999923706055,50017000
2024-12-09,56.40999984741211,57.25,54.6349983215332,54.72999954223633,54.72999954223633,55677600
2024-12-10,55.79999923706055,56.0,53.619998931884766,54.900001525878906,54.900001525878906,48810000
2024-12-11,56.18999862670898,57.97999954223633,56.040000915527344,57.720001220703125,57.720001220703125,48872600
2024-12-12,57.77000045776367,58.45000076293945,56.470001220703125,56.91999816894531,56.91999816894531,38811300
2024-12-13,57.20000076293945,58.09000015258789,56.72999954223633,57.90999984741211,57.90999984741211,37881700
2024-12-16,59.43000030517578,61.46500015258789,59.380001068115234,60.220001220703125,60.220001220703125,63994100
2024-12-17,61.369998931884766,61.75,60.150001525878906,60.72999954223633,60.72999954223633,49617700
2024-12-18,59.560001373291016,59.78499984741211,56.81999969482422,57.18000030517578,57.18000030517578,69862700
2024-12-19,58.19499969482422,58.47999954223633,54.27999877929688,54.720001220703125,54.720001220703125,79563900
2024-12-20,54.07500076293945,55.65999984741211,53.93000030517578,54.810001373291016,54.810001373291016,55327900
2024-12-23,54.27000045776367,54.34000015258789,52.5,52.869998931884766,52.869998931884766,44528500
2024-12-24,55.05500030517578,56.40800094604492,54.880001068115234,56.22999954223633,56.22999954223633,27692700
2024-12-26,54.41999816894531,54.959999084472656,54.060001373291016,54.29999923706055,54.29999923706055,26500600
2024-12-27,54.77999877929688,54.81999969482422,52.959999084472656,53.68000030517578,53.68000030517578,35983000
2024-12-30,52.79999923706055,53.93999862670898,51.77000045776367,53.54999923706055,53.54999923706055,39340000
2024-12-31,54.47800064086914,54.72999954223633,52.900001525878906,53.04999923706055,53.04999923706055,30143600
2025-01-02,54.89500045776367,55.72999954223633,54.59000015258789,55.369998931884766,55.369998931884766,41029200
2025-01-03,55.22999954223633,56.40999984741211,54.970001220703125,55.959999084472656,55.959999084472656,32839500
2025-01-06,56.3650016784668,58.45500183105469,56.2400016784668,58.16999816894531,58.16999816894531,47318400
2025-01-07,57.310001373291016,57.38199996948242,54.58000183105469,54.790000915527344,54.790000915527344,57081800
2025-01-08,54.27000045776367,54.61000061035156,52.5099983215332,53.34000015258789,53.34000015258789,47071000
2025-01-10,53.70000076293945,54.54600143432617,52.39099884033203,53.84000015258789,53.84000015258789,43996100
2025-01-13,51.650001525878906,53.33000183105469,50.68999862670898,53.220001220703125,53.220001220703125,44866500
2025-01-14,55.040000915527344,55.33000183105469,54.18000030517578,54.83000183105469,54.83000183105469,30772800
2025-01-15,56.13999938964844,57.34999847412109,53.96599960327149,56.63999938964844,56.63999938964844,42124700
2025-01-16,56.52999877929688,57.290000915527344,55.29999923706055,57.09000015258789,57.09000015258789,35548000
2025-01-17,58.51499938964844,60.40999984741211,58.2599983215332,59.619998931884766,59.619998931884766,70766100
2025-01-21,59.869998931884766,61.08000183105469,58.40999984741211,60.41999816894531,60.41999816894531,63410700
2025-01-22,59.54999923706055,59.86000061035156,58.7599983215332,59.380001068115234,59.380001068115234,37667900
2025-01-23,58.22999954223633,60.81999969482422,58.15999984741211,58.790000915527344,58.790000915527344,118197600
2025-01-24,59.91999816894531,61.060001373291016,59.560001373291016,59.70000076293945,59.70000076293945,46082300
2025-01-27,57.31999969482422,58.20000076293945,56.150001525878906,57.66999816894531,57.66999816894531,61243100
2025-01-28,58.34000015258789,59.060001373291016,57.54499816894531,57.58000183105469,57.58000183105469,30257000
2025-01-29,58.119998931884766,59.66999816894531,57.65999984741211,59.34000015258789,59.34000015258789,38059400
2025-01-30,59.72999954223633,60.66999816894531,59.59999847412109,59.720001220703125,59.720001220703125,33479300
2025-01-31,59.61000061035156,60.400001525878906,57.650001525878906,57.709999084472656,57.709999084472656,41738300
2025-02-03,53.970001220703125,58.1349983215332,53.68999862670898,57.58000183105469,57.58000183105469,73864900
2025-02-04,56.5099983215332,57.42499923706055,55.72999954223633,56.130001068115234,56.130001068115234,48597700
2025-02-05,56.209999084472656,56.470001220703125,54.869998931884766,55.33000183105469,55.33000183105469,24705000
2025-02-06,55.93000030517578,56.31499862670898,54.40999984741211,55.119998931884766,55.119998931884766,28324400
2025-02-07,56.7400016784668,57.04999923706055,54.36000061035156,54.470001220703125,54.470001220703125,41477300
2025-02-10,55.61000061035156,55.77000045776367,55.08000183105469,55.380001068115234,55.380001068115234,21331800
2025-02-11,55.11000061035156,55.36000061035156,53.869998931884766,54.11000061035156,54.11000061035156,27542700
2025-02-12,53.83000183105469,55.560001373291016,53.70000076293945,55.15999984741211,55.15999984741211,34445200
2025-02-13,54.56999969482422,54.880001068115234,54.119998931884766,54.7400016784668,54.7400016784668,24211200
2025-02-14,54.93999862670898,56.36000061035156,54.75,55.33000183105469,55.33000183105469,27505400
2025-02-18,54.900001525878906,54.9900016784668,53.02999877929688,53.5099983215332,53.5099983215332,38190500
2025-02-19,54.83000183105469,55.0,54.220001220703125,54.650001525878906,54.650001525878906,29062100
2025-02-20,55.630001068115234,56.20000076293945,55.0099983215332,56.040000915527344,56.040000915527344,25814900
2025-02-21,56.38999938964844,56.54999923706055,53.790000915527344,53.91999816894531,53.91999816894531,48588600
2025-02-24,54.22999954223633,54.470001220703125,53.18999862670898,53.40999984741211,53.40999984741211,38111600
2025-02-25,50.65499877929688,50.65999984741211,48.66999816894531,50.02999877929688,50.02999877929688,103835200
2025-02-26,48.709999084472656,50.22999954223633,46.68999862670898,47.959999084472656,47.959999084472656,85749300
2025-02-27,49.0099983215332,49.09000015258789,46.900001525878906,47.34999847412109,47.34999847412109,43346500
2025-02-28,46.540000915527344,48.43999862670898,46.06499862670898,47.900001525878906,47.900001525878906,59648300
2025-03-03,52.970001220703125,53.03499984741211,48.36000061035156,48.900001525878906,48.900001525878906,92274100
2025-03-04,47.02999877929688,50.560001373291016,46.27999877929688,49.38999938964844,49.38999938964844,72360100
2025-03-05,51.0099983215332,51.5,49.7599983215332,51.43999862670898,51.43999862670898,49050700
2025-03-06,51.15499877929688,52.02000045776367,49.880001068115234,50.63999938964844,50.63999938964844,50275000
2025-03-07,50.66999816894531,51.81999969482422,49.130001068115234,49.43000030517578,49.43000030517578,59351100
2025-03-10,46.9900016784668,47.119998931884766,43.95000076293945,44.90999984741211,44.90999984741211,85278800
2025-03-11,46.29999923706055,47.54999923706055,44.8849983215332,47.2400016784668,47.2400016784668,48562700
2025-03-12,47.380001068115234,47.64500045776367,45.79499816894531,47.150001525878906,47.150001525878906,32196200
2025-03-13,47.130001068115234,47.27999877929688,45.380001068115234,45.52000045776367,45.52000045776367,42870400
2025-03-14,47.3849983215332,48.55500030517578,46.9900016784668,48.13999938964844,48.13999938964844,43770200
2025-03-17,47.15999984741211,48.23500061035156,46.869998931884766,48.060001373291016,48.060001373291016,28998300
2025-03-18,46.82500076293945,46.91999816894531,46.09000015258789,46.810001373291016,46.810001373291016,33645500
2025-03-19,47.7400016784668,48.93999862670898,47.540000915527344,48.61000061035156,48.61000061035156,40812800
2025-03-20,48.38999938964844,49.22499847412109,47.4900016784668,47.84999847412109,47.84999847412109,30509100
2025-03-21,47.560001373291016,47.9900016784668,47.25,47.70000076293945,47.70000076293945,18141500
2025-03-24,49.63999938964844,50.5,49.59000015258789,50.18000030517578,50.18000030517578,29833300
2025-03-25,49.86000061035156,50.25,49.5,50.13999938964844,50.13999938964844,21846300
2025-03-26,49.75,50.02000045776367,48.77000045776367,49.18000030517578,49.18000030517578,28741800
2025-03-27,49.08000183105469,49.80899810791016,48.79499816894531,49.43999862670898,49.43999862670898,33004000
2025-03-28,48.470001220703125,48.63999938964844,47.43000030517578,47.560001373291016,47.560001373291016,37749400
2025-03-31,46.880001068115234,47.68999862670898,46.34099960327149,46.810001373291016,46.810001373291016,24010800
2025-04-01,47.52999877929688,48.650001525878906,46.84199905395508,48.29999923706055,48.29999923706055,30139700
2025-04-02,48.130001068115234,49.71500015258789,48.040000915527344,49.40999984741211,49.40999984741211,38654700
2025-04-03,46.59000015258789,47.040000915527344,46.11000061035156,46.56999969482422,46.56999969482422,40676000
2025-04-04,46.93999862670898,48.11000061035156,46.43000030517578,47.709999084472656,47.709999084472656,68668800
2025-04-07,43.68000030517578,46.15999984741211,42.97999954223633,44.27000045776367,44.27000045776367,107582100
2025-04-08,45.540000915527344,45.650001525878906,43.255001068115234,43.59000015258789,43.59000015258789,50053300
2025-04-09,43.58000183105469,47.18999862670898,43.52999877929688,46.83000183105469,46.83000183105469,85507900
2025-04-10,46.40999984741211,46.4900016784668,44.505001068115234,45.16999816894531,45.16999816894531,45745700
2025-04-11,46.630001068115234,47.887001037597656,46.18000030517578,47.66999816894531,47.66999816894531,54223500
2025-04-14,48.290000915527344,48.810001373291016,47.54999923706055,48.27999877929688,48.27999877929688,32514400
2025-04-15,48.79999923706055,49.18999862670898,47.68000030517578,47.7400016784668,47.7400016784668,24001700
2025-04-16,47.59000015258789,48.63999938964844,47.35499954223633,47.959999084472656,47.959999084472656,27463000
2025-04-17,48.150001525878906,48.650001525878906,47.6150016784668,48.2599983215332,48.2599983215332,23963600
2025-04-21,49.630001068115234,50.41999816894531,49.095001220703125,49.720001220703125,49.720001220703125,57126900
2025-04-22,51.0,52.27000045776367,50.880001068115234,52.08000183105469,52.08000183105469,83738100
2025-04-23,53.459999084472656,53.84000015258789,52.27000045776367,53.20000076293945,53.20000076293945,60960500
2025-04-24,52.75,53.310001373291016,52.650001525878906,53.2599983215332,53.2599983215332,28476600
2025-04-25,53.619998931884766,54.58000183105469,53.47999954223633,54.27000045776367,54.27000045776367,48231000
2025-04-28,54.09000015258789,54.16999816894531,53.119998931884766,53.880001068115234,53.880001068115234,34157200
2025-04-29,53.95000076293945,54.31999969482422,53.755001068115234,54.220001220703125,54.220001220703125,31214000
2025-04-30,53.75,53.76499938964844,52.7599983215332,53.5099983215332,53.5099983215332,34189600
2025-05-01,54.9900016784668,55.505001068115234,54.52000045776367,54.95000076293945,54.95000076293945,52802600
2025-05-02,55.15999984741211,55.7400016784668,54.97200012207031,55.18999862670898,55.18999862670898,43449000
2025-05-05,53.52000045776367,53.970001220703125,53.18000030517578,53.630001068115234,53.630001068115234,24957700
2025-05-06,53.244998931884766,54.11000061035156,53.02000045776367,53.970001220703125,53.970001220703125,20578700
2025-05-07,54.9900016784668,55.45500183105469,54.45000076293945,54.68000030517578,54.68000030517578,29627400
2025-05-08,56.540000915527344,57.834999084472656,56.310001373291016,57.619998931884766,57.619998931884766,55449000
2025-05-09,58.560001373291016,59.00699996948242,58.15499877929688,58.65999984741211,58.65999984741211,36503700
2025-05-12,59.18000030517578,59.47999954223633,57.22999954223633,57.880001068115234,57.880001068115234,44350600
2025-05-13,58.97999954223633,59.75,58.45700073242188,59.619998931884766,59.619998931884766,38312000
2025-05-14,59.18000030517578,59.34999847412109,58.31999969482422,58.7400016784668,58.7400016784668,38499400
2025-05-15,58.27999877929688,59.255001068115234,57.619998931884766,58.66999816894531,58.66999816894531,33563800
2025-05-16,58.880001068115234,59.5,58.77000045776367,59.20000076293945,59.20000076293945,37353600
2025-05-19,58.290000915527344,60.060001373291016,58.209999084472656,59.9900016784668,59.9900016784668,50625100
2025-05-20,59.48500061035156,61.04999923706055,59.20000076293945,60.90999984741211,60.90999984741211,49771100
2025-05-21,60.540000915527344,62.52999877929688,60.32500076293945,61.790000915527344,61.790000915527344,98801900
2025-05-22,63.34999847412109,63.70000076293945,62.810001373291016,63.22999954223633,63.22999954223633,66549500
2025-05-23,61.810001373291016,62.60499954223633,61.43000030517578,61.83000183105469,61.83000183105469,61971400
2025-05-27,62.84000015258789,63.040000915527344,61.82500076293945,62.5,62.5,49538600
2025-05-28,61.84000015258789,62.025001525878906,60.7599983215332,60.790000915527344,60.790000915527344,44241900
2025-05-29,61.58000183105469,61.61000061035156,59.900001525878906,59.9900016784668,59.9900016784668,70159800
2025-05-30,60.04499816894531,60.2599983215332,58.85499954223633,59.459999084472656,59.459999084472656,45680000
2025-06-02,59.06999969482422,59.55500030517578,58.880001068115234,59.36000061035156,59.36000061035156,30733500
2025-06-03,59.97999954223633,60.77999877929688,59.709999084472656,60.400001525878906,60.400001525878906,37381600
2025-06-04,59.65999984741211,60.00400161743164,59.15999984741211,59.63999938964844,59.63999938964844,32365300
2025-06-05,60.150001525878906,60.15999984741211,57.70000076293945,57.869998931884766,57.869998931884766,57995000
2025-06-06,59.09000015258789,59.970001220703125,59.04999923706055,59.2599983215332,59.2599983215332,34477600
2025-06-09,61.130001068115234,61.86000061035156,60.77999877929688,61.77000045776367,61.77000045776367,43950300
2025-06-10,62.36000061035156,62.7599983215332,61.54999923706055,62.290000915527344,62.290000915527344,32894300
2025-06-11,62.400001525878906,62.790000915527344,61.60100173950195,61.84000015258789,61.84000015258789,30336900
2025-06-12,60.70000076293945,61.650001525878906,60.52000045776367,60.70000076293945,60.70000076293945,36713600
2025-06-13,59.619998931884766,60.29499816894531,59.16999816894531,59.7400016784668,59.7400016784668,42127800
2025-06-16,60.59999847412109,61.95000076293945,60.5099983215332,61.79999923706055,61.79999923706055,42415200
2025-06-17,60.02000045776367,60.130001068115234,58.68999862670898,59.5,59.5,53900700
2025-06-18,59.06499862670898,59.900001525878906,58.81999969482422,58.970001220703125,58.970001220703125,40166400
2025-06-20,60.27000045776367,60.33000183105469,58.14500045776367,58.66999816894531,58.66999816894531,35261800
2025-06-23,57.47999954223633,58.7599983215332,56.625,58.66999816894531,58.66999816894531,63747200
2025-06-24,59.77000045776367,60.470001220703125,59.55500030517578,60.060001373291016,60.060001373291016,40387200
2025-06-25,61.33000183105469,61.525001525878906,60.709999084472656,61.275001525878906,61.275001525878906,40812500
2025-06-26,60.93000030517578,61.27999877929688,60.56499862670898,61.13999938964844,61.13999938964844,29434600
2025-06-27,60.685001373291016,61.25,60.470001220703125,60.720001220703125,60.720001220703125,35637900
2025-06-30,61.27000045776367,61.310001373291016,60.619998931884766,61.209999084472656,61.209999084472656,34174000
2025-07-01,60.58000183105469,60.92499923706055,59.82500076293945,59.84000015258789,59.84000015258789,35575500
2025-07-02,61.119998931884766,62.470001220703125,61.0099983215332,62.41999816894531,62.41999816894531,65900200
2025-07-03,62.209999084472656,62.93999862670898,62.01499938964844,62.18999862670898,62.18999862670898,32662400
2025-07-07,61.630001068115234,61.775001525878906,61.040000915527344,61.400001525878906,61.400001525878906,37793400
2025-07-08,61.900001525878906,62.10499954223633,61.400001525878906,61.81999969482422,61.81999969482422,29471500
2025-07-09,62.290000915527344,63.7599983215332,61.630001068115234,63.58000183105469,63.58000183105469,56974400
2025-07-10,63.13999938964844,64.80999755859375,62.79999923706055,64.5,64.5,84144900
2025-07-11,66.87999725341797,67.23500061035156,66.29100036621094,67.20999908447266,67.20999908447266,78031900
2025-07-14,69.16999816894531,69.45999908447266,67.73500061035156,68.18000030517578,68.18000030517578,68391600
2025-07-15,66.93000030517578,67.4000015258789,65.7699966430664,66.16000366210938,66.16000366210938,82079400
2025-07-16,67.55000305175781,68.23999786376953,67.14199829101562,67.83000183105469,67.83000183105469,58547500
2025-07-17,67.03500366210938,68.21499633789062,66.81999969482422,67.6500015258789,67.6500015258789,45310300
2025-07-18,67.54000091552734,67.83799743652344,66.54499816894531,66.68000030517578,66.68000030517578,51010400
2025-07-21,67.20999908447266,67.80500030517578,66.2300033569336,66.33000183105469,66.33000183105469,47080800
2025-07-22,67.7699966430664,68.38999938964844,66.79000091552734,67.81999969482422,67.81999969482422,45383900
2025-07-23,67.11000061035156,67.51000213623047,66.66000366210938,67.29000091552734,67.29000091552734,34878700
2025-07-24,67.5,67.9800033569336,66.96499633789062,67.66000366210938,67.66000366210938,33249900
2025-07-25,66.08999633789062,66.56999969482422,65.3499984741211,66.36000061035156,66.36000061035156,53995700
2025-07-28,67.40499877929688,67.73999786376953,66.69999694824219,67.0999984741211,67.0999984741211,38748000
2025-07-29,67.61000061035156,67.66500091552734,66.37000274658203,66.70999908447266,66.70999908447266,38407300
2025-07-30,66.77999877929688,67.52999877929688,65.72000122070312,66.37000274658203,66.37000274658203,40903100
2025-07-31,67.12000274658203,67.58000183105469,66.29000091552734,66.31999969482422,66.31999969482422,41463100
2025-08-01,65.6500015258789,65.73999786376953,64.13999938964844,64.22000122070312,64.22000122070312,69829700
2025-08-04,64.79199981689453,65.73999786376953,64.73400115966797,65.19999694824219,65.19999694824219,29985200
2025-08-05,64.86000061035156,65.12000274658203,63.93000030517578,64.55000305175781,64.55000305175781,31327700
2025-08-06,64.70999908447266,65.77999877929688,64.47799682617188,65.51000213623047,65.51000213623047,26866700
2025-08-07,66.19000244140625,66.88999938964844,65.73999786376953,66.83000183105469,66.83000183105469,41363900
2025-08-08,66.37999725341797,66.71600341796875,65.81999969482422,66.12999725341797,66.12999725341797,29121400
2025-08-11,67.87999725341797,68.6500015258789,67.37000274658203,67.63999938964844,67.63999938964844,43158500
2025-08-12,67.7300033569336,68.30000305175781,67.36000061035156,67.94999694824219,67.94999694824219,33459300
2025-08-13,68.55000305175781,69.88999938964844,68.22000122070312,69.83999633789062,69.83999633789062,54824600
2025-08-14,67.20999908447266,67.87999725341797,66.55000305175781,67.02999877929688,67.02999877929688,71199600
2025-08-15,67.30999755859375,67.36000061035156,66.33999633789062,66.44000244140625,66.44000244140625,39585100
2025-08-18,65.72000122070312,66.3499984741211,65.18000030517578,66.05000305175781,66.05000305175781,33918500
2025-08-19,65.73999786376953,65.80599975585938,63.900001525878906,64.19000244140625,64.19000244140625,56556200
2025-08-20,64.36499786376953,64.98999786376953,63.7400016784668,64.9000015258789,64.9000015258789,40798800
2025-08-21,64.3499984741211,64.76599884033203,63.540000915527344,63.68999862670898,63.68999862670898,34187100
2025-08-22,63.79999923706055,66.75499725341797,63.560001373291016,66.25,66.25,66739200
2025-08-25,63.45000076293945,64.19499969482422,62.7599983215332,62.880001068115234,62.880001068115234,55863400
2025-08-26,62.40999984741211,63.18000030517578,62.11000061035156,63.09999847412109,63.09999847412109,41469300
2025-08-27,63.244998931884766,64.0199966430664,63.04499816894531,63.650001525878906,63.650001525878906,33800800
2025-08-28,64.21499633789062,64.37999725341797,63.55500030517578,63.58000183105469,63.58000183105469,30895800
2025-08-29,62.77999877929688,62.83000183105469,61.310001373291016,61.43999862670898,61.43999862670898,52647000
2025-09-02,62.1349983215332,63.540000915527344,61.93999862670898,62.970001220703125,62.970001220703125,46457400
2025-09-03,63.2599983215332,64.0,63.13600158691406,63.77000045776367,63.77000045776367,34218100
2025-09-04,62.93000030517578,63.0099983215332,62.060001373291016,62.34999847412109,62.34999847412109,32780400
2025-09-05,64.12000274658203,64.34500122070312,62.54499816894531,63.41999816894531,63.41999816894531,47921800
2025-09-08,63.7599983215332,64.19000244140625,63.52999877929688,63.70000076293945,63.70000076293945,37129800
2025-09-09,64.0999984741211,64.19000244140625,62.869998931884766,63.220001220703125,63.220001220703125,36145400
2025-09-10,64.5999984741211,65.02999877929688,64.2699966430664,64.52999877929688,64.52999877929688,45183000
2025-09-11,64.625,65.20999908447266,64.57499694824219,65.02999877929688,65.02999877929688,34658200
2025-09-12,65.31999969482422,66.44999694824219,65.22000122070312,66.37999725341797,66.37999725341797,48551100
2025-09-15,65.36000061035156,65.66000366210938,64.93000030517578,65.5,65.5,34018400
2025-09-16,65.56999969482422,66.47000122070312,65.13999938964844,66.37000274658203,66.37000274658203,33920600
2025-09-17,66.02999877929688,66.19000244140625,65.0999984741211,65.66999816894531,65.66999816894531,46293700
2025-09-18,66.7300033569336,67.04000091552734,66.4800033569336,66.75,66.75,38481200
2025-09-19,66.01000213623047,66.19999694824219,65.33999633789062,65.37000274658203,65.37000274658203,32989400
2025-09-22,64.17500305175781,64.45999908447266,63.58000183105469,63.650001525878906,63.650001525878906,42504100
2025-09-23,64.16000366210938,64.38999938964844,63.33000183105469,63.40999984741211,63.40999984741211,40145000
2025-09-24,64.19999694824219,64.77999877929688,64.06999969482422,64.41999816894531,64.41999816894531,30977600
2025-09-25,63.380001068115234,63.43000030517578,61.58000183105469,62.09999847412109,62.09999847412109,63817400
2025-09-26,62.0099983215332,62.650001525878906,61.66999816894531,61.93999862670898,61.93999862670898,48826000
2025-09-29,63.720001220703125,65.04000091552734,63.650001525878906,64.97000122070312,64.97000122070312,51102300
2025-09-30,64.4000015258789,65.11000061035156,64.0999984741211,65.0,65.0,38099900
2025-10-01,66.30000305175781,67.2300033569336,66.1500015258789,66.73999786376953,66.73999786376953,57783300
2025-10-02,67.76000213623047,68.83999633789062,67.37000274658203,68.7699966430664,68.7699966430664,62252200
2025-10-03,68.6050033569336,70.52999877929688,68.22000122070312,69.80999755859375,69.80999755859375,83244100
2025-10-06,71.01000213623047,71.81999969482422,70.70999908447266,71.29000091552734,71.29000091552734,68777400
2025-10-07,70.97000122070312,71.0,68.52999877929688,69.12999725341797,69.12999725341797,81680200
2025-10-08,69.58000183105469,70.58999633789062,69.12000274658203,70.05999755859375,70.05999755859375,54245600
2025-10-09,70.1500015258789,70.16000366210938,67.94999694824219,68.73999786376953,68.73999786376953,55757600
2025-10-10,69.31999969482422,69.66000366210938,65.80000305175781,66.19999694824219,66.19999694824219,104949200
2025-10-13,64.95999908447266,65.8759994506836,64.62000274658203,65.80999755859375,65.80999755859375,71877400
2025-10-14,62.90999984741211,64.52999877929688,62.3650016784668,63.90999984741211,63.90999984741211,75710400
2025-10-15,63.290000915527344,63.77000045776367,62.4900016784668,63.16999816894531,63.16999816894531,49569100
2025-10-16,63.095001220703125,63.29999923706055,61.01499938964844,61.43000030517578,61.43000030517578,89080600
2025-10-17,59.88999938964844,61.02999877929688,59.310001373291016,60.470001220703125,60.470001220703125,94055300
2025-10-20,62.880001068115234,63.43999862670898,62.36000061035156,62.93000030517578,62.93000030517578,51770200
2025-10-21,61.72999954223633,64.80000305175781,61.41999816894531,63.4900016784668,63.4900016784668,82011100
2025-10-22,61.41999816894531,61.97499847412109,60.959999084472656,61.209999084472656,61.209999084472656,72451100
2025-10-23,61.959999084472656,63.23600006103516,61.709999084472656,62.560001373291016,62.560001373291016,41591300
2025-10-24,63.16999816894531,63.2599983215332,62.29499816894531,62.83000183105469,62.83000183105469,39980900
2025-10-27,65.375,65.76000213623047,65.0,65.27999877929688,65.27999877929688,49298000
2025-10-28,65.3499984741211,65.97000122070312,64.41000366210938,64.48999786376953,64.48999786376953,47609800
2025-10-29,64.48500061035156,64.51000213623047,62.0,62.75,62.75,76944400
2025-10-30,61.52999877929688,61.59000015258789,60.27999877929688,60.400001525878906,60.400001525878906,57355600
2025-10-31,62.34999847412109,63.02999877929688,61.619998931884766,62.29999923706055,62.29999923706055,47300700
2025-11-03,61.01499938964844,61.38999938964844,59.744998931884766,60.52999877929688,60.52999877929688,51820400
2025-11-04,58.880001068115234,59.4900016784668,56.48500061035156,57.18000030517578,57.18000030517578,105318000
2025-11-05,58.255001068115234,59.38999938964844,57.959999084472656,58.91999816894531,58.91999816894531,51487200
2025-11-06,58.400001525878906,58.40999984741211,56.90399932861328,57.2599983215332,57.2599983215332,54876200
2025-11-07,56.880001068115234,58.959999084472656,56.38999938964844,58.880001068115234,58.880001068115234,64022300
2025-11-10,60.29899978637695,60.36000061035156,59.400001525878906,60.18999862670898,60.18999862670898,51036700
2025-11-11,59.33000183105469,59.40999984741211,58.25,58.34999847412109,58.34999847412109,33993800
2025-11-12,59.470001220703125,59.560001373291016,57.16999816894531,57.59000015258789,57.59000015258789,41656400
2025-11-13,58.119998931884766,58.70000076293945,55.47999954223633,55.59000015258789,55.59000015258789,78277800
2025-11-14,54.09000015258789,55.28499984741211,53.380001068115234,53.47499847412109,53.47499847412109,94217100
2025-11-17,53.3849983215332,54.44499969482422,51.70000076293945,52.09999847412109,52.09999847412109,92045900
2025-11-18,52.025001525878906,53.244998931884766,51.59999847412109,52.65999984741211,52.65999984741211,75629000
2025-11-19,51.70500183105469,52.435001373291016,50.20000076293945,50.72999954223633,50.72999954223633,94744600
2025-11-20,51.86000061035156,51.970001220703125,48.7400016784668,48.959999084472656,48.959999084472656,122462500
2025-11-21,47.4900016784668,48.56999969482422,46.68000030517578,47.970001220703125,47.970001220703125,168213500
2025-11-24,48.72499847412109,50.65999984741211,48.33000183105469,50.56999969482422,50.56999969482422,82759100
2025-11-25,49.47499847412109,50.0,48.84000015258789,49.560001373291016,49.560001373291016,65052800
2025-11-26,49.52000045776367,51.33000183105469,49.16999816894531,51.02999877929688,51.02999877929688,66507200
2025-11-28,52.79999923706055,52.84999847412109,51.22999954223633,51.54999923706055,51.54999923706055,47334600
2025-12-01,48.93999862670898,49.20500183105469,47.54999923706055,48.5,48.5,89232100
2025-12-02,50.33000183105469,52.38999938964844,50.150001525878906,51.66999816894531,51.66999816894531,72757600
2025-12-03,52.54999923706055,53.18000030517578,52.08000183105469,52.7400016784668,52.7400016784668,57151700
2025-12-04,52.665000915527344,52.93000030517578,51.58000183105469,52.5099983215332,52.5099983215332,40571700
2025-12-05,51.34999847412109,51.935001373291016,50.03499984741211,50.68999862670898,50.68999862670898,55578500
2025-12-08,51.834999084472656,52.06499862670898,50.83000183105469,51.52000045776367,51.52000045776367,43121800
2025-12-09,51.22999954223633,53.720001220703125,51.060001373291016,52.84999847412109,52.84999847412109,55905900
2025-12-10,52.18999862670898,53.65499877929688,51.95500183105469,52.4900016784668,52.4900016784668,56217000
2025-12-11,51.15999984741211,52.119998931884766,50.650001525878906,52.09999847412109,52.09999847412109,50372600
2025-12-12,52.30500030517578,52.619998931884766,50.7599983215332,51.20000076293945,51.20000076293945,47356200
2025-12-15,50.720001220703125,51.0,48.27999877929688,48.65999984741211,48.65999984741211,73130500
2025-12-16,49.310001373291016,50.02000045776367,49.22999954223633,49.709999084472656,49.709999084472656,56074700
2025-12-17,49.77000045776367,51.26499938964844,48.36000061035156,48.709999084472656,48.709999084472656,79012800
2025-12-18,50.20000076293945,50.68600082397461,47.869998931884766,47.959999084472656,47.959999084472656,71534600
2025-12-19,49.91999816894531,50.709999084472656,49.220001220703125,49.90999984741211,49.90999984741211,62739200
2025-12-22,51.0099983215332,51.290000915527344,49.81999969482422,50.09000015258789,50.09000015258789,50019100
2025-12-23,49.68000030517578,50.09000015258789,49.06999969482422,49.650001525878906,49.650001525878906,43757600
2025-12-24,49.459999084472656,49.70000076293945,48.959999084472656,49.459999084472656,49.459999084472656,22759300
2025-12-26,50.44499969482422,50.5,49.06999969482422,49.61000061035156,49.61000061035156,38333100
2025-12-29,49.630001068115234,49.9900016784668,49.30500030517578,49.380001068115234,49.380001068115234,32269300
2025-12-30,49.95000076293945,50.72999954223633,49.77999877929688,49.83000183105469,49.83000183105469,44071800
2025-12-31,50.43000030517578,50.43000030517578,49.39500045776367,49.650001525878906,49.650001525878906,33834300
2026-01-02,50.380001068115234,51.65999984741211,50.13999938964844,50.93999862670898,50.93999862670898,65968800
2026-01-05,52.61000061035156,53.81999969482422,52.380001068115234,53.459999084472656,53.459999084472656,76547400
2026-01-06,53.540000915527344,53.54999923706055,51.720001220703125,52.45000076293945,52.45000076293945,54907400
2026-01-07,51.86000061035156,52.22800064086914,51.369998931884766,51.540000915527344,51.540000915527344,44367000
2026-01-08,50.7599983215332,51.84000015258789,50.560001373291016,51.52000045776367,51.52000045776367,42787300
2026-01-09,51.345001220703125,52.18000030517578,50.88999938964844,51.15999984741211,51.15999984741211,39688400
2026-01-12,51.13999938964844,52.380001068115234,51.06999969482422,51.869998931884766,51.869998931884766,40729100
2026-01-13,52.38999938964844,53.65999984741211,52.21500015258789,53.56999969482422,53.56999969482422,65696700
2026-01-14,54.2599983215332,55.59999847412109,54.08000183105469,55.43999862670898,55.43999862670898,85891200
2026-01-15,54.90999984741211,55.04999923706055,53.93000030517578,54.0,54.0,50521000
2026-01-16,54.29999923706055,54.369998931884766,53.43000030517578,54.2400016784668,54.2400016784668,43292300
2026-01-20,51.540000915527344,51.77999877929688,50.54999923706055,50.7599983215332,50.7599983215332,76481100
2026-01-21,50.755001068115234,51.34000015258789,49.400001525878906,51.11000061035156,51.11000061035156,70127800
2026-01-22,50.7599983215332,50.97999954223633,50.119998931884766,50.66999816894531,50.66999816894531,49100900
2026-01-23,50.810001373291016,51.709999084472656,50.13999938964844,50.70000076293945,50.70000076293945,48026600
2026-01-26,49.685001373291016,50.34999847412109,49.321998596191406,49.650001525878906,49.650001525878906,43973100
2026-01-27,49.9900016784668,50.70000076293945,49.40999984741211,50.630001068115234,50.630001068115234,51840700
2026-01-28,50.9900016784668,51.310001373291016,50.34000015258789,50.5099983215332,50.5099983215332,42931400
2026-01-29,49.70000076293945,49.79499816894531,47.119998931884766,47.59999847412109,47.59999847412109,113944200
2026-01-30,46.96500015258789,47.96500015258789,46.36899948120117,47.4900016784668,47.4900016784668,72346100
2026-02-02,44.25,45.0099983215332,43.97499847412109,44.220001220703125,44.220001220703125,106528100
2026-02-03,44.45500183105469,44.459999084472656,41.29499816894531,43.29999923706055,43.29999923706055,125821800
2026-02-04,42.6349983215332,42.88999938964844,40.79999923706055,41.56999969482422,41.56999969482422,110932700
2026-02-05,39.70000076293945,40.14500045776367,35.29999923706055,36.09999847412109,36.09999847412109,284371500
2026-02-06,38.04999923706055,40.56999969482422,38.0099983215332,39.68000030517578,39.68000030517578,163384200
2026-02-09,39.119998931884766,40.34999847412109,38.810001373291016,40.11000061035156,40.11000061035156,77526100
2026-02-10,39.22499847412109,39.70000076293945,38.4900016784668,38.970001220703125,38.970001220703125,61505400
2026-02-11,38.560001373291016,38.69200134277344,37.244998931884766,38.290000915527344,38.290000915527344,71103800
2026-02-12,38.52000045776367,38.720001220703125,36.875,37.04999923706055,37.04999923706055,62511900
2026-02-13,38.15999984741211,39.380001068115234,37.88999938964844,38.970001220703125,38.970001220703125,65553100
2026-02-17,38.54499816894531,38.68999862670898,37.73500061035156,38.38999938964844,38.38999938964844,54882700
2026-02-18,38.0,38.75,37.29999923706055,37.540000915527344,37.540000915527344,50091300
2026-02-19,37.3849983215332,38.09999847412109,37.20000076293945,38.06999969482422,38.06999969482422,44587900
2026-02-20,37.9900016784668,38.61000061035156,37.720001220703125,38.41999816894531,38.41999816894531,62202100
2026-02-23,37.46500015258789,37.560001373291016,36.20000076293945,36.54999923706055,36.54999923706055,61935300
2026-02-24,35.720001220703125,36.709999084472656,35.599998474121094,36.52999877929688,36.52999877929688,47064700
2026-02-25,37.75,39.459999084472656,37.52999877929688,39.22999954223633,39.22999954223633,79921100
2026-02-26,38.619998931884766,38.720001220703125,37.709999084472656,38.2599983215332,38.2599983215332,51941100
2026-02-27,37.5,37.630001068115234,36.90999984741211,37.18999862670898,37.18999862670898,48597800
2026-03-02,37.18999862670898,39.77999877929688,37.16999816894531,39.19499969482422,39.19499969482422,101283200
2026-03-03,38.02999877929688,39.13999938964844,37.5,38.70000076293945,38.70000076293945,70667500
2026-03-04,40.70000076293945,42.02000045776367,40.43999862670898,41.43999862670898,41.43999862670898,115483500
2026-03-05,41.13999938964844,41.310001373291016,40.03499984741211,40.38999938964844,40.38999938964844,61402200
2026-03-06,39.11000061035156,39.18999862670898,38.375,38.59999847412109,38.59999847412109,57220300
2026-03-09,38.9900016784668,39.44499969482422,38.68999862670898,39.130001068115234,39.130001068115234,73613500
2026-03-10,40.185001373291016,40.72499847412109,39.290000915527344,39.709999084472656,39.709999084472656,62965500
2026-03-11,39.83000183105469,40.470001220703125,39.52000045776367,40.06999969482422,40.06999969482422,46499500
2026-03-12,39.7599983215332,40.08000183105469,39.310001373291016,39.95000076293945,39.95000076293945,42455300
2026-03-13,41.43000030517578,41.96500015258789,40.16999816894531,40.369998931884766,40.369998931884766,83099400
2026-03-16,41.91999816894531,42.27999877929688,41.3849983215332,41.93999862670898,41.93999862670898,61056300
2026-03-17,41.79499816894531,42.5,41.61000061035156,42.27000045776367,42.27000045776367,41259400
2026-03-18,41.09000015258789,41.1349983215332,40.16999816894531,40.2599983215332,40.2599983215332,64030000
2026-03-19,39.290000915527344,40.025001525878906,39.0,39.81999969482422,39.81999969482422,58778600
2026-03-20,39.97499847412109,40.0,39.32500076293945,39.77000045776367,39.77000045776367,50329600
2026-03-23,40.1349983215332,40.720001220703125,39.720001220703125,40.04999923706055,40.04999923706055,49007900
2026-03-24,40.0,40.119998931884766,39.04499816894531,39.27999877929688,39.27999877929688,54512900
2026-03-25,40.59999847412109,40.79999923706055,39.97999954223633,40.16999816894531,40.16999816894531,41787900
2026-03-26,39.30500030517578,39.58000183105469,38.59000015258789,38.81999969482422,38.81999969482422,43649100
2026-03-27,37.79499816894531,37.81999969482422,37.130001068115234,37.400001525878906,37.400001525878906,66924500
2026-03-30,38.45000076293945,38.54999923706055,37.5,37.68000030517578,37.68000030517578,41352900
2026-03-31,37.81999969482422,38.84999847412109,37.619998931884766,38.41999816894531,38.41999816894531,51580700
2026-04-01,38.84999847412109,39.209999084472656,38.47499847412109,38.63999938964844,38.63999938964844,34296500
2026-04-02,37.4900016784668,38.23500061035156,37.23500061035156,37.970001220703125,37.970001220703125,34264400
2026-04-06,39.3849983215332,39.900001525878906,39.209999084472656,39.52000045776367,39.52000045776367,40428400
2026-04-07,38.80500030517578,39.15999984741211,38.369998931884766,39.09999847412109,39.09999847412109,30502000
2026-04-08,41.08000183105469,41.150001525878906,40.040000915527344,40.41999816894531,40.41999816894531,60582600
2026-04-09,40.31999969482422,41.150001525878906,39.959999084472656,40.90999984741211,40.90999984741211,33030900
2026-04-10,41.0,41.59000015258789,40.76499938964844,41.560001373291016,41.560001373291016,34798000
2026-04-13,40.34999847412109,41.67499923706055,40.13899993896485,41.59000015258789,41.59000015258789,42989000
2026-04-14,42.25,43.185001373291016,41.869998931884766,42.130001068115234,42.130001068115234,68489800
2026-04-15,42.18999862670898,42.69499969482422,41.720001220703125,42.560001373291016,42.560001373291016,35561300
2026-04-16,42.494998931884766,42.77000045776367,41.51499938964844,42.72999954223633,42.72999954223633,37189200
2026-04-17,43.45000076293945,44.459999084472656,43.21500015258789,43.93999862670898,43.93999862670898,80357500
2026-04-20,42.650001525878906,43.37699890136719,42.345001220703125,43.25,43.25,37820900
2026-04-21,43.11000061035156,43.41999816894531,42.400001525878906,42.5099983215332,42.5099983215332,30898300
2026-04-22,44.5,45.07500076293945,44.380001068115234,44.75,44.75,51415300
2026-04-23,43.9900016784668,44.61000061035156,43.619998931884766,44.04999923706055,44.04999923706055,40169200
2026-04-24,44.31999969482422,44.40999984741211,43.84999847412109,44.02000045776367,44.02000045776367,28637100
2026-04-27,44.03499984741211,44.369998931884766,43.32500076293945,43.560001373291016,43.560001373291016,31999800
2026-04-28,43.16999816894531,43.31999969482422,42.84999847412109,43.27000045776367,43.27000045776367,23774400
2026-04-29,43.560001373291016,43.59000015258789,42.43999862670898,42.75,42.75,33991100
2026-04-30,43.14500045776367,43.46500015258789,43.09999847412109,43.31999969482422,43.31999969482422,22965200
2026-05-01,44.40499877929688,44.790000915527344,44.244998931884766,44.470001220703125,44.470001220703125,46151400
2026-05-04,44.75,45.790000915527344,44.470001220703125,45.400001525878906,45.400001525878906,62909400
2026-05-05,46.18000030517578,46.33000183105469,45.880001068115234,46.27999877929688,46.27999877929688,43996200
2026-05-06,46.40999984741211,46.5099983215332,45.96099853515625,46.18999862670898,46.18999862670898,36051300
2026-05-07,45.869998931884766,45.880001068115234,45.02000045776367,45.400001525878906,45.400001525878906,31868200
2026-05-08,45.084999084472656,45.58000183105469,45.02999877929688,45.45000076293945,45.45000076293945,24590800
2026-05-11,45.959999084472656,46.560001373291016,45.54999923706055,46.470001220703125,46.470001220703125,31097100
2026-05-12,45.68000030517578,45.83100128173828,45.20500183105469,45.79999923706055,45.79999923706055,27407800
2026-05-13,45.38999938964844,45.435001373291016,44.58000183105469,45.119998931884766,45.119998931884766,32419900
2026-05-14,45.275001525878906,46.525001525878906,45.06999969482422,46.16999816894531,46.16999816894531,44670300
2026-05-15,45.31999969482422,45.33000183105469,44.5,44.81999969482422,44.81999969482422,39817900
2026-05-18,43.7400016784668,43.7599983215332,43.025001525878906,43.52999877929688,43.52999877929688,55893800
2026-05-19,43.34000015258789,43.630001068115234,43.07500076293945,43.5,43.5,25399900
2026-05-20,43.75,44.08000183105469,43.5099983215332,43.9900016784668,43.9900016784668,21838300
2026-05-21,43.75,44.21500015258789,43.400001525878906,44.0,44.0,25781200
2026-05-22,43.744998931884766,43.790000915527344,42.810001373291016,42.959999084472656,42.959999084472656,30066000
2026-05-26,43.45000076293945,44.2400016784668,42.834999084472656,42.9900016784668,42.9900016784668,84084900
2026-05-27,42.5099983215332,42.70000076293945,42.21900177001953,42.45000076293945,42.45000076293945,35159200
2026-05-28,41.369998931884766,41.720001220703125,41.03499984741211,41.560001373291016,41.560001373291016,42607600
2026-05-29,41.33000183105469,42.08000183105469,41.01399993896485,41.630001068115234,41.630001068115234,40077700
2026-06-01,40.6150016784668,40.75,39.95500183105469,40.4900016784668,40.4900016784668,54539200
2026-06-02,39.02000045776367,39.09000015258789,37.57400131225586,38.04999923706055,38.04999923706055,76815200
2026-06-03,37.790000915527344,38.02000045776367,36.91999816894531,37.0,37.0,53124100
2026-06-04,35.779998779296875,36.52999877929688,35.6150016784668,36.02000045776367,36.02000045776367,73453900
2026-06-05,35.15999984741211,35.290000915527344,33.47999954223633,34.13999938964844,34.13999938964844,111720800
2026-06-08,35.9900016784668,36.380001068115234,35.83000183105469,35.88999938964844,35.88999938964844,57393000
2026-06-09,35.290000915527344,35.40999984741211,34.38999938964844,35.13999938964844,35.13999938964844,52492700
2026-06-10,34.83000183105469,35.584999084472656,34.810001373291016,35.08000183105469,35.08000183105469,37326900
2026-06-11,35.540000915527344,36.19499969482422,35.2599983215332,36.04999923706055,36.04999923706055,43105800
2026-06-12,35.880001068115234,36.47999954223633,35.66999816894531,36.040000915527344,36.040000915527344,36430100
2026-06-15,37.84000015258789,38.10499954223633,37.51499938964844,37.7400016784668,37.7400016784668,52951400
2026-06-16,37.36000061035156,37.52000045776367,36.9900016784668,37.16999816894531,37.16999816894531,26710500
2026-06-17,36.7400016784668,37.61000061035156,36.2400016784668,36.36000061035156,36.36000061035156,42620000
2026-06-18,36.41999816894531,36.43999862670898,35.220001220703125,35.619998931884766,35.619998931884766,47932100
2026-06-22,36.775001525878906,37.13999938964844,36.35499954223633,36.5,36.5,37416700
2026-06-23,35.11000061035156,35.564998626708984,35.040000915527344,35.310001373291016,35.310001373291016,33989000
2026-06-24,34.970001220703125,35.13999938964844,33.40999984741211,33.869998931884766,33.869998931884766,84306600
2026-06-25,34.599998474121094,34.65999984741211,32.84000015258789,33.52000045776367,33.52000045776367,74376700
2026-06-26,33.279998779296875,34.2599983215332,33.25,33.849998474121094,33.849998474121094,59375800
2026-06-29,33.89500045776367,34.32500076293945,33.33000183105469,34.18000030517578,34.18000030517578,48208200
2026-06-30,33.07500076293945,33.5,32.880001068115234,33.290000915527344,33.290000915527344,59015100
2026-07-01,33.279998779296875,34.255001068115234,33.13999938964844,34.0,34.0,54454400
2026-07-02,34.90999984741211,35.2400016784668,34.619998931884766,34.869998931884766,34.869998931884766,46578000
2026-07-06,34.7599983215332,36.220001220703125,34.68000030517578,36.119998931884766,36.119998931884766,51974500
2026-07-07,35.709999084472656,36.369998931884766,35.45000076293945,36.150001525878906,36.150001525878906,32400400
2026-07-08,34.9900016784668,35.314998626708984,34.810001373291016,35.22999954223633,35.22999954223633,33708800
2026-07-09,35.4900016784668,35.948001861572266,35.36000061035156,35.810001373291016,35.810001373291016,28097900
2026-07-10,36.32500076293945,36.65999984741211,36.08000183105469,36.22999954223633,36.22999954223633,30720600
2026-07-13,35.369998931884766,35.625,34.959999084472656,35.220001220703125,35.220001220703125,38048900
2026-07-14,36.18999862670898,36.78499984741211,35.95500183105469,36.58000183105469,36.58000183105469,46954100
2026-07-15,36.96500015258789,37.13999938964844,36.64099884033203,36.810001373291016,36.810001373291016,34112000
2026-07-16,36.369998931884766,36.744998931884766,36.209999084472656,36.38999938964844,36.38999938964844,21905800
2026-07-17,35.58000183105469,36.47999954223633,35.36000061035156,36.34999847412109,36.34999847412109,56170600
2026-07-20,36.52999877929688,37.25,36.244998931884766,36.88999938964844,36.88999938964844,33229400
2026-07-21,37.61000061035156,37.93000030517578,37.400001525878906,37.66999816894531,37.66999816894531,44121300
2026-07-22,37.150001525878906,37.59999847412109,37.130001068115234,37.34000015258789,37.34000015258789,23341200
2026-07-23,36.79499816894531,36.91999816894531,36.560001373291016,36.650001525878906,36.650001525878906,36217500
2026-07-24,36.43000030517578,36.459999084472656,36.04999923706055,36.34999847412109,36.34999847412109,33023200
2026-07-27,36.7400016784668,37.20000076293945,36.43999862670898,36.77000045776367,36.77000045776367,28359300
2026-07-28,35.810001373291016,36.27000045776367,35.470001220703125,36.13999938964844,36.13999938964844,29147000
2026-07-29,36.310001373291016,36.64500045776367,35.939998626708984,36.0,36.0,36943100
2026-07-30,36.665000915527344,36.89500045776367,36.54999923706055,36.70000076293945,36.70000076293945,36428500
2026-07-31,36.11000061035156,36.1150016784668,35.290000915527344,35.63999938964844,35.63999938964844,55718400
2026-08-03,35.4900016784668,36.27999877929688,35.369998931884766,36.15999984741211,36.15999984741211,41836300
2026-08-04,36.13999938964844,36.470001220703125,35.9900016784668,36.38999938964844,36.38999938964844,33883500
2026-08-05,36.29999923706055,36.77999877929688,36.14500045776367,36.7400016784668,36.7400016784668,32932800
2026-08-06,36.34000015258789,36.790000915527344,36.290000915527344,36.4900016784668,36.4900016784668,29071400
2026-08-07,36.88999938964844,37.0099983215332,36.51499938964844,36.79999923706055,36.79999923706055,35087400
2026-08-10,36.7400016784668,36.75,36.08000183105469,36.22999954223633,36.22999954223633,40044000
2026-08-11,36.31999969482422,36.36000061035156,35.7599983215332,35.939998626708984,35.939998626708984,31174500
2026-08-12,36.17499923706055,36.2599983215332,35.79999923706055,35.88999938964844,35.88999938964844,25304900
2026-08-13,35.970001220703125,36.21500015258789,35.540000915527344,35.880001068115234,35.880001068115234,25273500
2026-08-14,35.5099983215332,35.78799819946289,35.3650016784668,35.630001068115234,35.630001068115234,23516700
2026-08-17,35.904998779296875,36.59000015258789,35.88999938964844,36.41999816894531,36.41999816894531,42854200
2026-08-18,36.255001068115234,36.845001220703125,36.220001220703125,36.59999847412109,36.59999847412109,28668700
2026-08-19,36.810001373291016,39.47999954223633,36.67499923706055,38.77999877929688,38.77999877929688,140814800
2026-08-20,40.72999954223633,41.334999084472656,40.255001068115234,41.20000076293945,41.20000076293945,108151800
2026-08-21,43.66999816894531,44.125,43.165000915527344,43.68000030517578,43.68000030517578,119006700
2026-08-24,44.73500061035156,45.31499862670898,44.08000183105469,44.63999938964844,44.63999938964844,96271900
2026-08-25,44.540000915527344,45.09000015258789,44.220001220703125,44.720001220703125,44.720001220703125,63862100
2026-08-26,44.20000076293945,44.55500030517578,43.95000076293945,44.459999084472656,44.459999084472656,42848200
2026-08-27,44.91999816894531,45.810001373291016,44.66999816894531,45.290000915527344,45.290000915527344,60965800
2026-08-28,44.869998931884766,45.27000045776367,43.525001525878906,43.900001525878906,43.900001525878906,76877400
2026-08-31,44.16999816894531,44.900001525878906,43.97999954223633,44.66999816894531,44.66999816894531,42438200
2026-09-01,44.07500076293945,44.40999984741211,43.22999954223633,43.7599983215332,43.7599983215332,50502200
2026-09-02,43.505001068115234,43.91999816894531,43.34000015258789,43.790000915527344,43.790000915527344,30549700
2026-09-03,44.43000030517578,46.369998931884766,44.40999984741211,46.34999847412109,46.34999847412109,83127326
2026-09-04,46.0,46.37,45.63,46.0,46.0,4332845
